,Andorra,United Arab Emirates,Afghanistan,Albania,Armenia,Angola,Argentina,Austria,Azerbaijan,Bosnia and Herzegovina,Bangladesh,Belgium,Burkina Faso,Bulgaria,Burundi,Benin,Brunei,Bolivia,Brazil,Bhutan,Botswana,Belarus,Belize,Canada,Democratic Republic of the Congo,Central African Republic,Republic of the Congo,Switzerland,Ivory Coast,Chile,Cameroon,China,Colombia,Costa Rica,Cuba,Czechia,Germany,Djibouti,Denmark,Dominican Republic,Algeria,Ecuador,Estonia,Egypt,Western Sahara,Eritrea,Spain,Ethiopia,Finland,France,Gabon,United Kingdom,Georgia,French Guiana,Ghana,Gibraltar,Gambia,Guinea,Equatorial Guinea,Greece,Guatemala,Guinea-Bissau,Guyana,Honduras,Croatia,Haiti,Hungary,Indonesia,Ireland,Israel,India,Iraq,Iran,Italy,Jordan,Kenya,Kyrgyzstan,Cambodia,North Korea,South Korea,Kosovo,Kuwait,Kazakhstan,Laos,Lebanon,Liechtenstein,Liberia,Lesotho,Lithuania,Luxembourg,Latvia,Libya,Morocco,Monaco,Moldova,Montenegro,Saint Martin,North Macedonia,Mali,Myanmar,Mongolia,Mauritania,Malawi,Mexico,Malaysia,Mozambique,Namibia,Niger,Nigeria,Nicaragua,Netherlands,Norway,Nepal,Oman,Panama,Peru,Papua New Guinea,Pakistan,Poland,Palestinian Territory,Portugal,Paraguay,Qatar,Romania,Serbia,Russia,Rwanda,Saudi Arabia,Sudan,South Sudan,Sweden,Slovenia,Slovakia,Sierra Leone,San Marino,Senegal,Somalia,Suriname,El Salvador,Sint Maarten,Syria,Eswatini,Chad,Togo,Thailand,Tajikistan,Timor Leste,Turkmenistan,Tunisia,Turkey,Tanzania,Ukraine,Uganda,United States,Uruguay,Uzbekistan,Vatican,Venezuela,Vietnam,Yemen,South Africa,Zambia,Zimbabwe,Serbia and Montenegro
Andorra,0.0,9.0,6.0,6.0,6.0,8.0,,3.0,5.0,5.0,7.0,2.0,5.0,6.0,8.0,5.0,9.0,,,6.0,10.0,4.0,,,7.0,6.0,7.0,2.0,5.0,,6.0,5.0,,,,3.0,2.0,7.0,3.0,,3.0,,5.0,5.0,3.0,6.0,1.0,6.0,5.0,1.0,7.0,,5.0,,6.0,2.0,6.0,5.0,7.0,7.0,,6.0,,,4.0,,4.0,9.0,,6.0,6.0,7.0,6.0,2.0,7.0,7.0,6.0,7.0,5.0,6.0,6.0,8.0,5.0,6.0,7.0,3.0,6.0,11.0,4.0,2.0,5.0,4.0,2.0,2.0,5.0,5.0,,6.0,4.0,6.0,5.0,4.0,9.0,,8.0,9.0,9.0,4.0,5.0,,3.0,5.0,6.0,9.0,,,10.0,6.0,3.0,6.0,2.0,,9.0,5.0,5.0,4.0,8.0,8.0,5.0,6.0,6.0,3.0,4.0,6.0,3.0,5.0,7.0,,,,7.0,10.0,5.0,6.0,7.0,6.0,10.0,6.0,4.0,6.0,8.0,4.0,7.0,,,6.0,3.0,,6.0,9.0,10.0,8.0,9.0,5.0
United Arab Emirates,9.0,0.0,4.0,5.0,4.0,8.0,,7.0,4.0,6.0,6.0,8.0,7.0,4.0,8.0,7.0,9.0,,,6.0,10.0,6.0,,,7.0,6.0,7.0,8.0,8.0,,7.0,5.0,,,,7.0,7.0,7.0,8.0,,6.0,,6.0,4.0,7.0,6.0,8.0,6.0,6.0,8.0,8.0,,4.0,,8.0,9.0,9.0,8.0,8.0,4.0,,9.0,,,6.0,,6.0,9.0,,3.0,5.0,2.0,3.0,8.0,2.0,7.0,6.0,7.0,6.0,7.0,6.0,2.0,5.0,6.0,4.0,8.0,9.0,11.0,6.0,8.0,6.0,5.0,7.0,9.0,6.0,6.0,,5.0,7.0,6.0,6.0,7.0,9.0,,8.0,9.0,9.0,6.0,7.0,,8.0,6.0,6.0,1.0,,,10.0,4.0,6.0,3.0,9.0,,2.0,5.0,5.0,5.0,8.0,1.0,5.0,6.0,7.0,7.0,7.0,9.0,9.0,8.0,7.0,,,,3.0,10.0,6.0,8.0,7.0,5.0,10.0,4.0,6.0,3.0,8.0,6.0,7.0,,,5.0,9.0,,6.0,2.0,10.0,8.0,9.0,5.0
Afghanistan,6.0,4.0,0.0,4.0,2.0,9.0,,5.0,2.0,5.0,3.0,5.0,8.0,3.0,9.0,8.0,5.0,,,2.0,11.0,3.0,,,8.0,7.0,8.0,5.0,9.0,,8.0,1.0,,,,4.0,4.0,8.0,5.0,,7.0,,3.0,5.0,8.0,7.0,6.0,7.0,3.0,5.0,9.0,,3.0,,9.0,7.0,10.0,9.0,9.0,3.0,,10.0,,,5.0,,4.0,5.0,,4.0,2.0,2.0,1.0,6.0,3.0,8.0,2.0,3.0,2.0,3.0,5.0,3.0,2.0,2.0,4.0,6.0,10.0,12.0,3.0,5.0,3.0,6.0,7.0,6.0,4.0,5.0,,4.0,8.0,2.0,2.0,8.0,10.0,,4.0,10.0,10.0,7.0,8.0,,5.0,3.0,2.0,4.0,,,6.0,1.0,3.0,4.0,7.0,,4.0,4.0,4.0,2.0,9.0,3.0,6.0,7.0,4.0,5.0,4.0,10.0,7.0,9.0,8.0,,,,3.0,11.0,7.0,9.0,3.0,1.0,6.0,1.0,7.0,2.0,9.0,3.0,8.0,,,1.0,7.0,,2.0,4.0,11.0,9.0,10.0,4.0
Albania,6.0,5.0,4.0,0.0,3.0,9.0,,3.0,3.0,2.0,6.0,5.0,8.0,2.0,9.0,8.0,9.0,,,6.0,11.0,4.0,,,8.0,7.0,8.0,4.0,9.0,,8.0,5.0,,,,4.0,4.0,8.0,5.0,,7.0,,5.0,5.0,8.0,7.0,6.0,7.0,5.0,5.0,9.0,,3.0,,9.0,7.0,10.0,9.0,9.0,1.0,,10.0,,,2.0,,2.0,9.0,,4.0,5.0,3.0,3.0,4.0,4.0,8.0,6.0,7.0,5.0,6.0,1.0,4.0,5.0,6.0,4.0,4.0,10.0,12.0,5.0,5.0,5.0,6.0,7.0,6.0,3.0,1.0,,1.0,8.0,6.0,5.0,8.0,10.0,,8.0,10.0,10.0,7.0,8.0,,5.0,5.0,6.0,5.0,,,10.0,4.0,4.0,5.0,7.0,,5.0,2.0,1.0,4.0,9.0,4.0,6.0,7.0,6.0,3.0,3.0,10.0,5.0,9.0,8.0,,,,3.0,11.0,7.0,9.0,7.0,5.0,10.0,4.0,7.0,2.0,9.0,3.0,8.0,,,5.0,5.0,,6.0,5.0,11.0,9.0,10.0,1.0
Armenia,6.0,4.0,2.0,3.0,0.0,8.0,,5.0,1.0,4.0,4.0,5.0,7.0,2.0,8.0,7.0,7.0,,,4.0,10.0,3.0,,,7.0,6.0,7.0,5.0,8.0,,7.0,3.0,,,,4.0,4.0,7.0,5.0,,6.0,,3.0,4.0,7.0,6.0,6.0,6.0,3.0,5.0,8.0,,1.0,,8.0,7.0,9.0,8.0,8.0,2.0,,9.0,,,4.0,,4.0,7.0,,3.0,3.0,2.0,1.0,6.0,3.0,7.0,4.0,5.0,3.0,4.0,4.0,3.0,3.0,4.0,3.0,6.0,9.0,11.0,3.0,5.0,3.0,5.0,7.0,6.0,4.0,4.0,,3.0,7.0,4.0,3.0,7.0,9.0,,6.0,9.0,9.0,6.0,7.0,,5.0,3.0,4.0,4.0,,,8.0,2.0,3.0,4.0,7.0,,4.0,3.0,3.0,2.0,8.0,3.0,5.0,6.0,4.0,5.0,4.0,9.0,7.0,8.0,7.0,,,,2.0,10.0,6.0,8.0,5.0,3.0,8.0,2.0,6.0,1.0,8.0,3.0,7.0,,,3.0,7.0,,4.0,4.0,10.0,8.0,9.0,3.0
Angola,8.0,8.0,9.0,9.0,8.0,0.0,,10.0,8.0,10.0,11.0,9.0,5.0,8.0,2.0,4.0,14.0,,,11.0,2.0,10.0,,,1.0,2.0,1.0,9.0,6.0,,2.0,10.0,,,,10.0,9.0,4.0,10.0,,5.0,,10.0,4.0,6.0,4.0,7.0,3.0,10.0,8.0,2.0,,8.0,,6.0,8.0,7.0,6.0,3.0,8.0,,7.0,,,10.0,,10.0,14.0,,5.0,10.0,7.0,8.0,9.0,6.0,3.0,11.0,12.0,10.0,11.0,10.0,8.0,10.0,11.0,6.0,10.0,7.0,3.0,10.0,9.0,10.0,4.0,6.0,9.0,10.0,10.0,,9.0,5.0,11.0,10.0,6.0,2.0,,13.0,2.0,1.0,4.0,3.0,,10.0,10.0,11.0,8.0,,,15.0,9.0,10.0,5.0,8.0,,8.0,9.0,9.0,9.0,2.0,7.0,3.0,2.0,11.0,10.0,11.0,7.0,10.0,6.0,4.0,,,,6.0,3.0,3.0,5.0,12.0,10.0,15.0,9.0,5.0,7.0,2.0,10.0,2.0,,,10.0,10.0,,11.0,8.0,2.0,1.0,2.0,9.0
Argentina,,,,,,,0.0,,,,,,,,,,,1.0,1.0,,,,8.0,10.0,,,,,,1.0,,,2.0,4.0,10.0,,,,,,,3.0,,,,,,,,,,,,2.0,,,,,,,7.0,,2.0,6.0,,,,,,,,,,,,,,,,,,,,,,,,,,,,,,,,,,,,,,,,8.0,,,,,,5.0,,,,,3.0,2.0,,,,,,1.0,,,,,,,,,,,,,,,,2.0,7.0,,,,,,,,,,,,,,,9.0,1.0,,,2.0,,,,,,
Austria,3.0,7.0,5.0,3.0,5.0,10.0,,0.0,4.0,3.0,6.0,2.0,7.0,3.0,10.0,7.0,8.0,,,5.0,12.0,3.0,,,9.0,8.0,9.0,1.0,7.0,,8.0,4.0,,,,1.0,1.0,9.0,2.0,,5.0,,4.0,7.0,5.0,8.0,3.0,8.0,4.0,2.0,9.0,,4.0,,8.0,4.0,8.0,7.0,9.0,4.0,,8.0,,,2.0,,1.0,8.0,,6.0,5.0,5.0,5.0,1.0,6.0,9.0,5.0,6.0,4.0,5.0,3.0,6.0,4.0,5.0,6.0,1.0,8.0,13.0,3.0,2.0,4.0,6.0,4.0,3.0,3.0,3.0,,3.0,6.0,5.0,4.0,6.0,11.0,,7.0,11.0,11.0,6.0,7.0,,2.0,4.0,5.0,7.0,,,9.0,5.0,2.0,7.0,4.0,,7.0,2.0,2.0,3.0,10.0,6.0,7.0,8.0,5.0,1.0,1.0,8.0,2.0,7.0,9.0,,,,5.0,12.0,7.0,8.0,6.0,5.0,9.0,5.0,6.0,4.0,10.0,2.0,9.0,,,5.0,2.0,,5.0,7.0,12.0,10.0,11.0,2.0
Azerbaijan,5.0,4.0,2.0,3.0,1.0,8.0,,4.0,0.0,4.0,4.0,4.0,7.0,2.0,8.0,7.0,6.0,,,3.0,10.0,2.0,,,7.0,6.0,7.0,4.0,8.0,,7.0,2.0,,,,3.0,3.0,7.0,4.0,,6.0,,2.0,4.0,7.0,6.0,5.0,6.0,2.0,4.0,8.0,,1.0,,8.0,6.0,9.0,8.0,8.0,2.0,,9.0,,,4.0,,3.0,6.0,,3.0,3.0,2.0,1.0,5.0,3.0,7.0,3.0,4.0,2.0,3.0,4.0,3.0,2.0,3.0,3.0,5.0,9.0,11.0,2.0,4.0,2.0,5.0,6.0,5.0,3.0,4.0,,3.0,7.0,3.0,2.0,7.0,9.0,,5.0,9.0,9.0,6.0,7.0,,4.0,2.0,3.0,4.0,,,7.0,2.0,2.0,4.0,6.0,,4.0,3.0,3.0,1.0,8.0,3.0,5.0,6.0,3.0,4.0,3.0,9.0,6.0,8.0,7.0,,,,2.0,10.0,6.0,8.0,4.0,3.0,7.0,2.0,6.0,1.0,8.0,2.0,7.0,,,3.0,6.0,,3.0,4.0,10.0,8.0,9.0,3.0
Bosnia and Herzegovina,5.0,6.0,5.0,2.0,4.0,10.0,,3.0,4.0,0.0,7.0,5.0,9.0,2.0,10.0,9.0,9.0,,,6.0,12.0,4.0,,,9.0,8.0,9.0,4.0,9.0,,9.0,5.0,,,,4.0,4.0,9.0,5.0,,7.0,,5.0,6.0,7.0,8.0,5.0,8.0,5.0,4.0,10.0,,4.0,,10.0,6.0,10.0,9.0,10.0,3.0,,10.0,,,1.0,,2.0,9.0,,5.0,6.0,4.0,4.0,3.0,5.0,9.0,6.0,7.0,5.0,6.0,2.0,5.0,5.0,6.0,5.0,4.0,10.0,13.0,5.0,5.0,5.0,7.0,6.0,5.0,3.0,1.0,,2.0,8.0,6.0,5.0,8.0,11.0,,8.0,11.0,11.0,8.0,9.0,,5.0,5.0,6.0,6.0,,,10.0,5.0,4.0,6.0,6.0,,6.0,2.0,1.0,4.0,10.0,5.0,7.0,8.0,6.0,2.0,3.0,10.0,4.0,9.0,9.0,,,,4.0,12.0,8.0,10.0,7.0,6.0,10.0,5.0,8.0,3.0,10.0,3.0,9.0,,,6.0,4.0,,6.0,6.0,12.0,10.0,11.0,1.0
Bangladesh,7.0,6.0,3.0,6.0,4.0,11.0,,6.0,4.0,7.0,0.0,6.0,10.0,5.0,11.0,10.0,4.0,,,2.0,13.0,4.0,,,10.0,9.0,10.0,6.0,11.0,,10.0,2.0,,,,5.0,5.0,10.0,6.0,,9.0,,4.0,7.0,9.0,9.0,7.0,9.0,4.0,6.0,11.0,,4.0,,11.0,8.0,12.0,11.0,11.0,5.0,,12.0,,,6.0,,5.0,4.0,,6.0,1.0,4.0,3.0,7.0,5.0,10.0,3.0,3.0,3.0,4.0,7.0,5.0,3.0,2.0,6.0,7.0,12.0,14.0,4.0,6.0,4.0,8.0,8.0,7.0,5.0,7.0,,6.0,10.0,1.0,3.0,10.0,12.0,,3.0,12.0,12.0,9.0,10.0,,6.0,4.0,2.0,6.0,,,5.0,2.0,4.0,6.0,8.0,,6.0,5.0,6.0,3.0,11.0,5.0,8.0,9.0,5.0,6.0,5.0,12.0,8.0,11.0,10.0,,,,5.0,13.0,9.0,11.0,2.0,3.0,5.0,4.0,9.0,4.0,11.0,4.0,10.0,,,4.0,8.0,,3.0,6.0,13.0,11.0,12.0,6.0
Belgium,2.0,8.0,5.0,5.0,5.0,9.0,,2.0,4.0,5.0,6.0,0.0,6.0,5.0,9.0,6.0,8.0,,,5.0,11.0,3.0,,,8.0,7.0,8.0,2.0,6.0,,7.0,4.0,,,,2.0,1.0,8.0,2.0,,4.0,,4.0,6.0,4.0,7.0,2.0,7.0,4.0,1.0,8.0,,4.0,,7.0,3.0,7.0,6.0,8.0,6.0,,7.0,,,4.0,,3.0,8.0,,7.0,5.0,6.0,5.0,2.0,7.0,8.0,5.0,6.0,4.0,5.0,5.0,7.0,4.0,5.0,7.0,3.0,7.0,12.0,3.0,1.0,4.0,5.0,3.0,2.0,4.0,5.0,,5.0,5.0,5.0,4.0,5.0,10.0,,7.0,10.0,10.0,5.0,6.0,,1.0,4.0,5.0,8.0,,,9.0,5.0,2.0,7.0,3.0,,8.0,4.0,4.0,3.0,9.0,7.0,6.0,7.0,5.0,3.0,3.0,7.0,3.0,6.0,8.0,,,,6.0,11.0,6.0,7.0,6.0,5.0,9.0,5.0,5.0,5.0,9.0,3.0,8.0,,,5.0,3.0,,5.0,8.0,11.0,9.0,10.0,4.0
Burkina Faso,5.0,7.0,8.0,8.0,7.0,5.0,,7.0,7.0,9.0,10.0,6.0,0.0,7.0,5.0,1.0,13.0,,,10.0,7.0,8.0,,,4.0,3.0,4.0,6.0,1.0,,3.0,9.0,,,,7.0,6.0,5.0,7.0,,2.0,,9.0,3.0,3.0,4.0,4.0,4.0,9.0,5.0,4.0,,7.0,,1.0,5.0,3.0,2.0,4.0,7.0,,3.0,,,8.0,,8.0,13.0,,4.0,9.0,6.0,7.0,6.0,5.0,5.0,10.0,11.0,9.0,10.0,9.0,7.0,9.0,10.0,5.0,7.0,2.0,8.0,8.0,6.0,9.0,2.0,3.0,6.0,9.0,9.0,,8.0,1.0,10.0,9.0,2.0,6.0,,12.0,6.0,6.0,1.0,2.0,,7.0,9.0,10.0,7.0,,,14.0,8.0,7.0,4.0,5.0,,7.0,8.0,8.0,8.0,5.0,6.0,3.0,4.0,10.0,7.0,8.0,3.0,7.0,2.0,5.0,,,,5.0,7.0,2.0,1.0,11.0,9.0,14.0,8.0,3.0,6.0,5.0,8.0,5.0,,,9.0,7.0,,10.0,7.0,7.0,5.0,6.0,8.0
Bulgaria,6.0,4.0,3.0,2.0,2.0,8.0,,3.0,2.0,2.0,5.0,5.0,7.0,0.0,8.0,7.0,8.0,,,5.0,10.0,3.0,,,7.0,6.0,7.0,4.0,8.0,,7.0,4.0,,,,4.0,4.0,7.0,5.0,,6.0,,4.0,4.0,7.0,6.0,6.0,6.0,4.0,5.0,8.0,,2.0,,8.0,7.0,9.0,8.0,8.0,1.0,,9.0,,,2.0,,2.0,8.0,,3.0,4.0,2.0,2.0,4.0,3.0,7.0,5.0,6.0,4.0,5.0,2.0,3.0,4.0,5.0,3.0,4.0,9.0,11.0,4.0,5.0,4.0,5.0,7.0,6.0,2.0,2.0,,1.0,7.0,5.0,4.0,7.0,9.0,,7.0,9.0,9.0,6.0,7.0,,5.0,4.0,5.0,4.0,,,9.0,3.0,3.0,4.0,7.0,,4.0,1.0,1.0,3.0,8.0,3.0,5.0,6.0,5.0,3.0,3.0,9.0,5.0,8.0,7.0,,,,2.0,10.0,6.0,8.0,6.0,4.0,9.0,3.0,6.0,1.0,8.0,2.0,7.0,,,4.0,5.0,,5.0,4.0,10.0,8.0,9.0,1.0
Burundi,8.0,8.0,9.0,9.0,8.0,2.0,,10.0,8.0,10.0,11.0,9.0,5.0,8.0,0.0,5.0,14.0,,,11.0,4.0,10.0,,,1.0,2.0,2.0,9.0,6.0,,3.0,10.0,,,,10.0,9.0,4.0,10.0,,5.0,,10.0,4.0,6.0,4.0,7.0,3.0,10.0,8.0,3.0,,8.0,,6.0,8.0,7.0,6.0,4.0,8.0,,7.0,,,10.0,,10.0,14.0,,5.0,10.0,7.0,8.0,9.0,6.0,2.0,11.0,12.0,10.0,11.0,10.0,8.0,10.0,11.0,6.0,10.0,7.0,4.0,10.0,9.0,10.0,4.0,6.0,9.0,10.0,10.0,,9.0,5.0,11.0,10.0,6.0,2.0,,13.0,2.0,3.0,4.0,4.0,,10.0,10.0,11.0,8.0,,,15.0,9.0,10.0,5.0,8.0,,8.0,9.0,9.0,9.0,1.0,7.0,3.0,2.0,11.0,10.0,11.0,7.0,10.0,6.0,3.0,,,,6.0,3.0,3.0,6.0,12.0,10.0,15.0,9.0,5.0,7.0,1.0,10.0,2.0,,,10.0,10.0,,11.0,8.0,3.0,2.0,3.0,9.0
Benin,5.0,7.0,8.0,8.0,7.0,4.0,,7.0,7.0,9.0,10.0,6.0,1.0,7.0,5.0,0.0,13.0,,,10.0,6.0,8.0,,,4.0,3.0,3.0,6.0,2.0,,2.0,9.0,,,,7.0,6.0,5.0,7.0,,2.0,,9.0,3.0,3.0,4.0,4.0,4.0,9.0,5.0,3.0,,7.0,,2.0,5.0,4.0,3.0,3.0,7.0,,4.0,,,8.0,,8.0,13.0,,4.0,9.0,6.0,7.0,6.0,5.0,5.0,10.0,11.0,9.0,10.0,9.0,7.0,9.0,10.0,5.0,7.0,3.0,7.0,8.0,6.0,9.0,2.0,3.0,6.0,9.0,9.0,,8.0,2.0,10.0,9.0,3.0,6.0,,12.0,6.0,5.0,1.0,1.0,,7.0,9.0,10.0,7.0,,,14.0,8.0,7.0,4.0,5.0,,7.0,8.0,8.0,8.0,5.0,6.0,3.0,4.0,10.0,7.0,8.0,4.0,7.0,3.0,5.0,,,,5.0,7.0,2.0,1.0,11.0,9.0,14.0,8.0,3.0,6.0,5.0,8.0,5.0,,,9.0,7.0,,10.0,7.0,6.0,5.0,6.0,8.0
Brunei,9.0,9.0,5.0,9.0,7.0,14.0,,8.0,6.0,9.0,4.0,8.0,13.0,8.0,14.0,13.0,0.0,,,5.0,16.0,6.0,,,13.0,12.0,13.0,8.0,13.0,,13.0,4.0,,,,7.0,7.0,13.0,8.0,,11.0,,6.0,10.0,11.0,12.0,9.0,12.0,6.0,8.0,14.0,,6.0,,14.0,10.0,14.0,13.0,14.0,8.0,,14.0,,,8.0,,7.0,2.0,,9.0,4.0,7.0,6.0,9.0,8.0,13.0,5.0,3.0,5.0,6.0,9.0,8.0,5.0,3.0,9.0,9.0,14.0,17.0,6.0,8.0,6.0,11.0,10.0,9.0,7.0,9.0,,9.0,12.0,3.0,5.0,12.0,15.0,,1.0,15.0,15.0,12.0,13.0,,8.0,6.0,5.0,9.0,,,3.0,5.0,6.0,9.0,10.0,,9.0,7.0,8.0,5.0,14.0,8.0,11.0,12.0,7.0,8.0,7.0,14.0,10.0,13.0,13.0,,,,8.0,16.0,12.0,14.0,2.0,5.0,3.0,6.0,12.0,7.0,14.0,6.0,13.0,,,6.0,10.0,,4.0,9.0,16.0,14.0,15.0,8.0
Bolivia,,,,,,,1.0,,,,,,,,,,,0.0,1.0,,,,8.0,10.0,,,,,,1.0,,,2.0,4.0,10.0,,,,,,,2.0,,,,,,,,,,,,2.0,,,,,,,7.0,,2.0,6.0,,,,,,,,,,,,,,,,,,,,,,,,,,,,,,,,,,,,,,,,8.0,,,,,,5.0,,,,,3.0,1.0,,,,,,1.0,,,,,,,,,,,,,,,,2.0,7.0,,,,,,,,,,,,,,,9.0,2.0,,,2.0,,,,,,
Brazil,,,,,,,1.0,,,,,,,,,,,1.0,0.0,,,,7.0,9.0,,,,,,2.0,,,1.0,3.0,9.0,,,,,,,2.0,,,,,,,,,,,,1.0,,,,,,,6.0,,1.0,5.0,,,,,,,,,,,,,,,,,,,,,,,,,,,,,,,,,,,,,,,,7.0,,,,,,4.0,,,,,2.0,1.0,,,,,,1.0,,,,,,,,,,,,,,,,1.0,6.0,,,,,,,,,,,,,,,8.0,1.0,,,1.0,,,,,,
Bhutan,6.0,6.0,2.0,6.0,4.0,11.0,,5.0,3.0,6.0,2.0,5.0,10.0,5.0,11.0,10.0,5.0,,,0.0,13.0,3.0,,,10.0,9.0,10.0,5.0,10.0,,10.0,1.0,,,,4.0,4.0,10.0,5.0,,8.0,,3.0,7.0,8.0,9.0,6.0,9.0,3.0,5.0,11.0,,3.0,,11.0,7.0,11.0,10.0,11.0,5.0,,11.0,,,5.0,,4.0,5.0,,6.0,1.0,4.0,3.0,6.0,5.0,10.0,2.0,3.0,2.0,3.0,6.0,5.0,2.0,2.0,6.0,6.0,11.0,14.0,3.0,5.0,3.0,8.0,7.0,6.0,4.0,6.0,,6.0,9.0,2.0,2.0,9.0,12.0,,4.0,12.0,12.0,9.0,10.0,,5.0,3.0,2.0,6.0,,,6.0,2.0,3.0,6.0,7.0,,6.0,4.0,5.0,2.0,11.0,5.0,8.0,9.0,4.0,5.0,4.0,11.0,7.0,10.0,10.0,,,,5.0,13.0,9.0,11.0,3.0,2.0,6.0,3.0,9.0,4.0,11.0,3.0,10.0,,,3.0,7.0,,2.0,6.0,13.0,11.0,12.0,5.0
Botswana,10.0,10.0,11.0,11.0,10.0,2.0,,12.0,10.0,12.0,13.0,11.0,7.0,10.0,4.0,6.0,16.0,,,13.0,0.0,12.0,,,3.0,4.0,3.0,11.0,8.0,,4.0,12.0,,,,12.0,11.0,6.0,12.0,,7.0,,12.0,6.0,8.0,6.0,9.0,5.0,12.0,10.0,4.0,,10.0,,8.0,10.0,9.0,8.0,5.0,10.0,,9.0,,,12.0,,12.0,16.0,,7.0,12.0,9.0,10.0,11.0,8.0,4.0,13.0,14.0,12.0,13.0,12.0,10.0,12.0,13.0,8.0,12.0,9.0,2.0,12.0,11.0,12.0,6.0,8.0,11.0,12.0,12.0,,11.0,7.0,13.0,12.0,8.0,3.0,,15.0,2.0,1.0,6.0,5.0,,12.0,12.0,13.0,10.0,,,17.0,11.0,12.0,7.0,10.0,,10.0,11.0,11.0,11.0,4.0,9.0,5.0,4.0,13.0,12.0,13.0,9.0,12.0,8.0,5.0,,,,8.0,2.0,5.0,7.0,14.0,12.0,17.0,11.0,7.0,9.0,3.0,12.0,4.0,,,12.0,12.0,,13.0,10.0,1.0,2.0,1.0,11.0
Belarus,4.0,6.0,3.0,4.0,3.0,10.0,,3.0,2.0,4.0,4.0,3.0,8.0,3.0,10.0,8.0,6.0,,,3.0,12.0,0.0,,,9.0,8.0,9.0,3.0,8.0,,9.0,2.0,,,,2.0,2.0,9.0,3.0,,6.0,,2.0,6.0,6.0,8.0,4.0,8.0,2.0,3.0,10.0,,2.0,,9.0,5.0,9.0,8.0,10.0,4.0,,9.0,,,3.0,,2.0,6.0,,5.0,3.0,4.0,3.0,4.0,5.0,9.0,3.0,4.0,2.0,3.0,4.0,5.0,2.0,3.0,5.0,4.0,9.0,13.0,1.0,3.0,1.0,7.0,5.0,4.0,2.0,4.0,,4.0,7.0,3.0,2.0,7.0,11.0,,5.0,11.0,11.0,7.0,8.0,,3.0,2.0,3.0,6.0,,,7.0,3.0,1.0,6.0,5.0,,6.0,2.0,3.0,1.0,10.0,5.0,7.0,8.0,3.0,3.0,2.0,9.0,5.0,8.0,9.0,,,,4.0,12.0,8.0,9.0,4.0,3.0,7.0,3.0,7.0,3.0,10.0,1.0,9.0,,,3.0,5.0,,3.0,6.0,12.0,10.0,11.0,3.0
Belize,,,,,,,8.0,,,,,,,,,,,8.0,7.0,,,,0.0,3.0,,,,,,8.0,,,6.0,4.0,3.0,,,,,,,7.0,,,,,,,,,,,,8.0,,,,,,,1.0,,8.0,2.0,,,,,,,,,,,,,,,,,,,,,,,,,,,,,,,,,,,,,,,,1.0,,,,,,3.0,,,,,5.0,7.0,,,,,,8.0,,,,,,,,,,,,,,,,8.0,2.0,,,,,,,,,,,,,,,2.0,8.0,,,7.0,,,,,,
Canada,,,,,,,10.0,,,,,,,,,,,10.0,9.0,,,,3.0,0.0,,,,,,10.0,,,8.0,6.0,2.0,,,,,,,9.0,,,,,,,,,,,,10.0,,,,,,,3.0,,10.0,4.0,,,,,,,,,,,,,,,,,,,,,,,,,,,,,,,,,,,,,,,,2.0,,,,,,5.0,,,,,7.0,9.0,,,,,,10.0,,,,,,,,,,,,,,,,10.0,4.0,,,,,,,,,,,,,,,1.0,10.0,,,9.0,,,,,,
Democratic Republic of the Congo,7.0,7.0,8.0,8.0,7.0,1.0,,9.0,7.0,9.0,10.0,8.0,4.0,7.0,1.0,4.0,13.0,,,10.0,3.0,9.0,,,0.0,1.0,1.0,8.0,5.0,,2.0,9.0,,,,9.0,8.0,3.0,9.0,,4.0,,9.0,3.0,5.0,3.0,6.0,2.0,9.0,7.0,2.0,,7.0,,5.0,7.0,6.0,5.0,3.0,7.0,,6.0,,,9.0,,9.0,13.0,,4.0,9.0,6.0,7.0,8.0,5.0,2.0,10.0,11.0,9.0,10.0,9.0,7.0,9.0,10.0,5.0,9.0,6.0,4.0,9.0,8.0,9.0,3.0,5.0,8.0,9.0,9.0,,8.0,4.0,10.0,9.0,5.0,2.0,,12.0,2.0,2.0,3.0,3.0,,9.0,9.0,10.0,7.0,,,14.0,8.0,9.0,4.0,7.0,,7.0,8.0,8.0,8.0,1.0,6.0,2.0,1.0,10.0,9.0,10.0,6.0,9.0,5.0,3.0,,,,5.0,3.0,2.0,5.0,11.0,9.0,14.0,8.0,4.0,6.0,1.0,9.0,1.0,,,9.0,9.0,,10.0,7.0,3.0,1.0,2.0,8.0
Central African Republic,6.0,6.0,7.0,7.0,6.0,2.0,,8.0,6.0,8.0,9.0,7.0,3.0,6.0,2.0,3.0,12.0,,,9.0,4.0,8.0,,,1.0,0.0,1.0,7.0,4.0,,1.0,8.0,,,,8.0,7.0,3.0,8.0,,3.0,,8.0,2.0,4.0,2.0,5.0,2.0,8.0,6.0,2.0,,6.0,,4.0,6.0,5.0,4.0,2.0,6.0,,5.0,,,8.0,,8.0,12.0,,3.0,8.0,5.0,6.0,7.0,4.0,2.0,9.0,10.0,8.0,9.0,8.0,6.0,8.0,9.0,4.0,8.0,5.0,5.0,8.0,7.0,8.0,2.0,4.0,7.0,8.0,8.0,,7.0,3.0,9.0,8.0,4.0,3.0,,11.0,3.0,3.0,2.0,2.0,,8.0,8.0,9.0,6.0,,,13.0,7.0,8.0,3.0,6.0,,6.0,7.0,7.0,7.0,2.0,5.0,1.0,1.0,9.0,8.0,9.0,5.0,8.0,4.0,3.0,,,,4.0,4.0,1.0,4.0,10.0,8.0,13.0,7.0,3.0,5.0,2.0,8.0,2.0,,,8.0,8.0,,9.0,6.0,4.0,2.0,3.0,7.0
Republic of the Congo,7.0,7.0,8.0,8.0,7.0,1.0,,9.0,7.0,9.0,10.0,8.0,4.0,7.0,2.0,3.0,13.0,,,10.0,3.0,9.0,,,1.0,1.0,0.0,8.0,5.0,,1.0,9.0,,,,9.0,8.0,4.0,9.0,,4.0,,9.0,3.0,5.0,3.0,6.0,3.0,9.0,7.0,1.0,,7.0,,5.0,7.0,6.0,5.0,2.0,7.0,,6.0,,,9.0,,9.0,13.0,,4.0,9.0,6.0,7.0,8.0,5.0,3.0,10.0,11.0,9.0,10.0,9.0,7.0,9.0,10.0,5.0,9.0,6.0,4.0,9.0,8.0,9.0,3.0,5.0,8.0,9.0,9.0,,8.0,4.0,10.0,9.0,5.0,3.0,,12.0,3.0,2.0,3.0,2.0,,9.0,9.0,10.0,7.0,,,14.0,8.0,9.0,4.0,7.0,,7.0,8.0,8.0,8.0,2.0,6.0,2.0,2.0,10.0,9.0,10.0,6.0,9.0,5.0,4.0,,,,5.0,4.0,2.0,4.0,11.0,9.0,14.0,8.0,4.0,6.0,2.0,9.0,2.0,,,9.0,9.0,,10.0,7.0,3.0,2.0,3.0,8.0
Switzerland,2.0,8.0,5.0,4.0,5.0,9.0,,1.0,4.0,4.0,6.0,2.0,6.0,4.0,9.0,6.0,8.0,,,5.0,11.0,3.0,,,8.0,7.0,8.0,0.0,6.0,,7.0,4.0,,,,2.0,1.0,8.0,2.0,,4.0,,4.0,6.0,4.0,7.0,2.0,7.0,4.0,1.0,8.0,,4.0,,7.0,3.0,7.0,6.0,8.0,5.0,,7.0,,,3.0,,2.0,8.0,,7.0,5.0,6.0,5.0,1.0,7.0,8.0,5.0,6.0,4.0,5.0,4.0,7.0,4.0,5.0,7.0,1.0,7.0,12.0,3.0,2.0,4.0,5.0,3.0,2.0,4.0,4.0,,4.0,5.0,5.0,4.0,5.0,10.0,,7.0,10.0,10.0,5.0,6.0,,2.0,4.0,5.0,8.0,,,9.0,5.0,2.0,7.0,3.0,,8.0,3.0,3.0,3.0,9.0,7.0,6.0,7.0,5.0,2.0,2.0,7.0,2.0,6.0,8.0,,,,6.0,11.0,6.0,7.0,6.0,5.0,9.0,5.0,5.0,5.0,9.0,3.0,8.0,,,5.0,2.0,,5.0,8.0,11.0,9.0,10.0,3.0
Ivory Coast,5.0,8.0,9.0,9.0,8.0,6.0,,7.0,8.0,9.0,11.0,6.0,1.0,8.0,6.0,2.0,13.0,,,10.0,8.0,8.0,,,5.0,4.0,5.0,6.0,0.0,,4.0,9.0,,,,7.0,6.0,6.0,7.0,,2.0,,9.0,4.0,3.0,5.0,4.0,5.0,9.0,5.0,5.0,,8.0,,1.0,5.0,3.0,1.0,5.0,8.0,,2.0,,,8.0,,8.0,13.0,,5.0,10.0,7.0,8.0,6.0,6.0,6.0,10.0,11.0,9.0,10.0,10.0,8.0,9.0,10.0,6.0,7.0,1.0,9.0,8.0,6.0,9.0,3.0,3.0,6.0,9.0,9.0,,9.0,1.0,10.0,9.0,2.0,7.0,,12.0,7.0,7.0,2.0,3.0,,7.0,9.0,10.0,8.0,,,14.0,9.0,7.0,5.0,5.0,,8.0,9.0,9.0,8.0,6.0,7.0,4.0,5.0,10.0,7.0,8.0,2.0,7.0,2.0,6.0,,,,6.0,8.0,3.0,2.0,11.0,10.0,14.0,9.0,3.0,7.0,6.0,8.0,6.0,,,10.0,7.0,,10.0,8.0,8.0,6.0,7.0,9.0
Chile,,,,,,,1.0,,,,,,,,,,,1.0,2.0,,,,8.0,10.0,,,,,,0.0,,,2.0,4.0,10.0,,,,,,,2.0,,,,,,,,,,,,3.0,,,,,,,7.0,,3.0,6.0,,,,,,,,,,,,,,,,,,,,,,,,,,,,,,,,,,,,,,,,8.0,,,,,,5.0,,,,,3.0,1.0,,,,,,2.0,,,,,,,,,,,,,,,,3.0,7.0,,,,,,,,,,,,,,,9.0,2.0,,,3.0,,,,,,
Cameroon,6.0,7.0,8.0,8.0,7.0,2.0,,8.0,7.0,9.0,10.0,7.0,3.0,7.0,3.0,2.0,13.0,,,10.0,4.0,9.0,,,2.0,1.0,1.0,7.0,4.0,,0.0,9.0,,,,8.0,7.0,4.0,8.0,,3.0,,9.0,3.0,4.0,3.0,5.0,3.0,9.0,6.0,1.0,,7.0,,4.0,6.0,5.0,4.0,1.0,7.0,,5.0,,,9.0,,9.0,13.0,,4.0,9.0,6.0,7.0,7.0,5.0,3.0,10.0,11.0,9.0,10.0,9.0,7.0,9.0,10.0,5.0,8.0,5.0,5.0,9.0,7.0,9.0,2.0,4.0,7.0,9.0,9.0,,8.0,3.0,10.0,9.0,4.0,4.0,,12.0,4.0,3.0,2.0,1.0,,8.0,9.0,10.0,7.0,,,14.0,8.0,8.0,4.0,6.0,,7.0,8.0,8.0,8.0,3.0,6.0,2.0,2.0,10.0,8.0,9.0,5.0,8.0,4.0,4.0,,,,5.0,5.0,1.0,3.0,11.0,9.0,14.0,8.0,3.0,6.0,3.0,9.0,3.0,,,9.0,8.0,,10.0,7.0,4.0,3.0,4.0,8.0
China,5.0,5.0,1.0,5.0,3.0,10.0,,4.0,2.0,5.0,2.0,4.0,9.0,4.0,10.0,9.0,4.0,,,1.0,12.0,2.0,,,9.0,8.0,9.0,4.0,9.0,,9.0,0.0,,,,3.0,3.0,9.0,4.0,,7.0,,2.0,6.0,7.0,8.0,5.0,8.0,2.0,4.0,10.0,,2.0,,10.0,6.0,10.0,9.0,10.0,4.0,,10.0,,,4.0,,3.0,4.0,,5.0,1.0,3.0,2.0,5.0,4.0,9.0,1.0,2.0,1.0,2.0,5.0,4.0,1.0,1.0,5.0,5.0,10.0,13.0,2.0,4.0,2.0,7.0,6.0,5.0,3.0,5.0,,5.0,8.0,1.0,1.0,8.0,11.0,,3.0,11.0,11.0,8.0,9.0,,4.0,2.0,1.0,5.0,,,5.0,1.0,2.0,5.0,6.0,,5.0,3.0,4.0,1.0,10.0,4.0,7.0,8.0,3.0,4.0,3.0,10.0,6.0,9.0,9.0,,,,4.0,12.0,8.0,10.0,2.0,1.0,5.0,2.0,8.0,3.0,10.0,2.0,9.0,,,2.0,6.0,,1.0,5.0,12.0,10.0,11.0,4.0
Colombia,,,,,,,2.0,,,,,,,,,,,2.0,1.0,,,,6.0,8.0,,,,,,2.0,,,0.0,2.0,8.0,,,,,,,1.0,,,,,,,,,,,,2.0,,,,,,,5.0,,2.0,4.0,,,,,,,,,,,,,,,,,,,,,,,,,,,,,,,,,,,,,,,,6.0,,,,,,3.0,,,,,1.0,1.0,,,,,,2.0,,,,,,,,,,,,,,,,2.0,5.0,,,,,,,,,,,,,,,7.0,2.0,,,1.0,,,,,,
Costa Rica,,,,,,,4.0,,,,,,,,,,,4.0,3.0,,,,4.0,6.0,,,,,,4.0,,,2.0,0.0,6.0,,,,,,,3.0,,,,,,,,,,,,4.0,,,,,,,3.0,,4.0,2.0,,,,,,,,,,,,,,,,,,,,,,,,,,,,,,,,,,,,,,,,4.0,,,,,,1.0,,,,,1.0,3.0,,,,,,4.0,,,,,,,,,,,,,,,,4.0,3.0,,,,,,,,,,,,,,,5.0,4.0,,,3.0,,,,,,
Cuba,,,,,,,10.0,,,,,,,,,,,10.0,9.0,,,,3.0,2.0,,,,,,10.0,,,8.0,6.0,0.0,,,,,,,9.0,,,,,,,,,,,,10.0,,,,,,,3.0,,10.0,4.0,,,,,,,,,,,,,,,,,,,,,,,,,,,,,,,,,,,,,,,,2.0,,,,,,5.0,,,,,7.0,9.0,,,,,,10.0,,,,,,,,,,,,,,,,10.0,4.0,,,,,,,,,,,,,,,1.0,10.0,,,9.0,,,,,,
Czechia,3.0,7.0,4.0,4.0,4.0,10.0,,1.0,3.0,4.0,5.0,2.0,7.0,4.0,10.0,7.0,7.0,,,4.0,12.0,2.0,,,9.0,8.0,9.0,2.0,7.0,,8.0,3.0,,,,0.0,1.0,9.0,2.0,,5.0,,3.0,7.0,5.0,8.0,3.0,8.0,3.0,2.0,9.0,,3.0,,8.0,4.0,8.0,7.0,9.0,5.0,,8.0,,,3.0,,2.0,7.0,,6.0,4.0,5.0,4.0,2.0,6.0,9.0,4.0,5.0,3.0,4.0,4.0,6.0,3.0,4.0,6.0,2.0,8.0,13.0,2.0,2.0,3.0,6.0,4.0,3.0,3.0,4.0,,4.0,6.0,4.0,3.0,6.0,11.0,,6.0,11.0,11.0,6.0,7.0,,2.0,3.0,4.0,7.0,,,8.0,4.0,1.0,7.0,4.0,,7.0,3.0,3.0,2.0,10.0,6.0,7.0,8.0,4.0,2.0,1.0,8.0,3.0,7.0,9.0,,,,5.0,12.0,7.0,8.0,5.0,4.0,8.0,4.0,6.0,4.0,10.0,2.0,9.0,,,4.0,3.0,,4.0,7.0,12.0,10.0,11.0,3.0
Germany,2.0,7.0,4.0,4.0,4.0,9.0,,1.0,3.0,4.0,5.0,1.0,6.0,4.0,9.0,6.0,7.0,,,4.0,11.0,2.0,,,8.0,7.0,8.0,1.0,6.0,,7.0,3.0,,,,1.0,0.0,8.0,1.0,,4.0,,3.0,6.0,4.0,7.0,2.0,7.0,3.0,1.0,8.0,,3.0,,7.0,3.0,7.0,6.0,8.0,5.0,,7.0,,,3.0,,2.0,7.0,,6.0,4.0,5.0,4.0,2.0,6.0,8.0,4.0,5.0,3.0,4.0,4.0,6.0,3.0,4.0,6.0,2.0,7.0,12.0,2.0,1.0,3.0,5.0,3.0,2.0,3.0,4.0,,4.0,5.0,4.0,3.0,5.0,10.0,,6.0,10.0,10.0,5.0,6.0,,1.0,3.0,4.0,7.0,,,8.0,4.0,1.0,7.0,3.0,,7.0,3.0,3.0,2.0,9.0,6.0,6.0,7.0,4.0,2.0,2.0,7.0,3.0,6.0,8.0,,,,5.0,11.0,6.0,7.0,5.0,4.0,8.0,4.0,5.0,4.0,9.0,2.0,8.0,,,4.0,3.0,,4.0,7.0,11.0,9.0,10.0,3.0
Djibouti,7.0,7.0,8.0,8.0,7.0,4.0,,9.0,7.0,9.0,10.0,8.0,5.0,7.0,4.0,5.0,13.0,,,10.0,6.0,9.0,,,3.0,3.0,4.0,8.0,6.0,,4.0,9.0,,,,9.0,8.0,0.0,9.0,,4.0,,9.0,3.0,5.0,1.0,6.0,1.0,9.0,7.0,5.0,,7.0,,6.0,7.0,7.0,6.0,5.0,7.0,,7.0,,,9.0,,9.0,13.0,,4.0,9.0,6.0,7.0,8.0,5.0,2.0,10.0,11.0,9.0,10.0,9.0,7.0,9.0,10.0,5.0,9.0,7.0,6.0,9.0,8.0,9.0,3.0,5.0,8.0,9.0,9.0,,8.0,5.0,10.0,9.0,5.0,4.0,,12.0,4.0,5.0,4.0,4.0,,9.0,9.0,10.0,7.0,,,14.0,8.0,9.0,4.0,7.0,,7.0,8.0,8.0,8.0,4.0,6.0,2.0,2.0,10.0,9.0,10.0,7.0,9.0,6.0,1.0,,,,5.0,5.0,3.0,6.0,11.0,9.0,14.0,8.0,4.0,6.0,3.0,9.0,3.0,,,9.0,9.0,,10.0,7.0,5.0,4.0,5.0,8.0
Denmark,3.0,8.0,5.0,5.0,5.0,10.0,,2.0,4.0,5.0,6.0,2.0,7.0,5.0,10.0,7.0,8.0,,,5.0,12.0,3.0,,,9.0,8.0,9.0,2.0,7.0,,8.0,4.0,,,,2.0,1.0,9.0,0.0,,5.0,,4.0,7.0,5.0,8.0,3.0,8.0,4.0,2.0,9.0,,4.0,,8.0,4.0,8.0,7.0,9.0,6.0,,8.0,,,4.0,,3.0,8.0,,7.0,5.0,6.0,5.0,3.0,7.0,9.0,5.0,6.0,4.0,5.0,5.0,7.0,4.0,5.0,7.0,3.0,8.0,13.0,3.0,2.0,4.0,6.0,4.0,3.0,4.0,5.0,,5.0,6.0,5.0,4.0,6.0,11.0,,7.0,11.0,11.0,6.0,7.0,,2.0,4.0,5.0,8.0,,,9.0,5.0,2.0,8.0,4.0,,8.0,4.0,4.0,3.0,10.0,7.0,7.0,8.0,5.0,3.0,3.0,8.0,4.0,7.0,9.0,,,,6.0,12.0,7.0,8.0,6.0,5.0,9.0,5.0,6.0,5.0,10.0,3.0,9.0,,,5.0,4.0,,5.0,8.0,12.0,10.0,11.0,4.0
Dominican Republic,,,,,,,,,,,,,,,,,,,,,,,,,,,,,,,,,,,,,,,,0.0,,,,,,,,,,,,,,,,,,,,,,,,,,1.0,,,,,,,,,,,,,,,,,,,,,,,,,,,,,,,,,,,,,,,,,,,,,,,,,,,,,,,,,,,,,,,,,,,,,,,,,,,,,,,,,,,,,,,,,,,,,,,,,,
Algeria,3.0,6.0,7.0,7.0,6.0,5.0,,5.0,6.0,7.0,9.0,4.0,2.0,6.0,5.0,2.0,11.0,,,8.0,7.0,6.0,,,4.0,3.0,4.0,4.0,2.0,,3.0,7.0,,,,5.0,4.0,4.0,5.0,,0.0,,7.0,2.0,1.0,3.0,2.0,3.0,7.0,3.0,4.0,,6.0,,3.0,3.0,3.0,2.0,4.0,6.0,,3.0,,,6.0,,6.0,11.0,,3.0,8.0,5.0,6.0,4.0,4.0,4.0,8.0,9.0,7.0,8.0,8.0,6.0,7.0,8.0,4.0,5.0,3.0,8.0,6.0,4.0,7.0,1.0,1.0,4.0,7.0,7.0,,7.0,1.0,8.0,7.0,1.0,6.0,,10.0,6.0,6.0,1.0,2.0,,5.0,7.0,8.0,6.0,,,12.0,7.0,5.0,3.0,3.0,,6.0,7.0,7.0,6.0,5.0,5.0,2.0,3.0,8.0,5.0,6.0,3.0,5.0,2.0,4.0,,,,4.0,7.0,2.0,3.0,9.0,8.0,12.0,7.0,1.0,5.0,5.0,6.0,4.0,,,8.0,5.0,,8.0,6.0,7.0,5.0,6.0,7.0
Ecuador,,,,,,,3.0,,,,,,,,,,,2.0,2.0,,,,7.0,9.0,,,,,,2.0,,,1.0,3.0,9.0,,,,,,,0.0,,,,,,,,,,,,3.0,,,,,,,6.0,,3.0,5.0,,,,,,,,,,,,,,,,,,,,,,,,,,,,,,,,,,,,,,,,7.0,,,,,,4.0,,,,,2.0,1.0,,,,,,3.0,,,,,,,,,,,,,,,,3.0,6.0,,,,,,,,,,,,,,,8.0,3.0,,,2.0,,,,,,
Estonia,5.0,6.0,3.0,5.0,3.0,10.0,,4.0,2.0,5.0,4.0,4.0,9.0,4.0,10.0,9.0,6.0,,,3.0,12.0,2.0,,,9.0,8.0,9.0,4.0,9.0,,9.0,2.0,,,,3.0,3.0,9.0,4.0,,7.0,,0.0,6.0,7.0,8.0,5.0,8.0,2.0,4.0,10.0,,2.0,,10.0,6.0,10.0,9.0,10.0,4.0,,10.0,,,4.0,,3.0,6.0,,5.0,3.0,4.0,3.0,5.0,5.0,9.0,3.0,4.0,2.0,3.0,5.0,5.0,2.0,3.0,5.0,5.0,10.0,13.0,2.0,4.0,1.0,7.0,6.0,5.0,3.0,5.0,,5.0,8.0,3.0,2.0,8.0,11.0,,5.0,11.0,11.0,8.0,9.0,,4.0,2.0,3.0,6.0,,,7.0,3.0,2.0,6.0,6.0,,6.0,3.0,4.0,1.0,10.0,5.0,7.0,8.0,3.0,4.0,3.0,10.0,6.0,9.0,9.0,,,,4.0,12.0,8.0,10.0,4.0,3.0,7.0,3.0,8.0,3.0,10.0,2.0,9.0,,,3.0,6.0,,3.0,6.0,12.0,10.0,11.0,4.0
Egypt,5.0,4.0,5.0,5.0,4.0,4.0,,7.0,4.0,6.0,7.0,6.0,3.0,4.0,4.0,3.0,10.0,,,7.0,6.0,6.0,,,3.0,2.0,3.0,6.0,4.0,,3.0,6.0,,,,7.0,6.0,3.0,7.0,,2.0,,6.0,0.0,3.0,2.0,4.0,2.0,6.0,5.0,4.0,,4.0,,4.0,5.0,5.0,4.0,4.0,4.0,,5.0,,,6.0,,6.0,10.0,,1.0,6.0,3.0,4.0,6.0,2.0,3.0,7.0,8.0,6.0,7.0,6.0,4.0,6.0,7.0,2.0,7.0,5.0,7.0,6.0,6.0,6.0,1.0,3.0,6.0,6.0,6.0,,5.0,3.0,7.0,6.0,3.0,5.0,,9.0,5.0,5.0,2.0,3.0,,7.0,6.0,7.0,4.0,,,11.0,5.0,6.0,1.0,5.0,,4.0,5.0,5.0,5.0,4.0,3.0,1.0,2.0,7.0,7.0,7.0,5.0,7.0,4.0,3.0,,,,2.0,6.0,2.0,4.0,8.0,6.0,11.0,5.0,2.0,3.0,4.0,6.0,3.0,,,6.0,7.0,,7.0,4.0,6.0,4.0,5.0,5.0
Western Sahara,3.0,7.0,8.0,8.0,7.0,6.0,,5.0,7.0,7.0,9.0,4.0,3.0,7.0,6.0,3.0,11.0,,,8.0,8.0,6.0,,,5.0,4.0,5.0,4.0,3.0,,4.0,7.0,,,,5.0,4.0,5.0,5.0,,1.0,,7.0,3.0,0.0,4.0,2.0,4.0,7.0,3.0,5.0,,7.0,,4.0,3.0,3.0,3.0,5.0,7.0,,3.0,,,6.0,,6.0,11.0,,4.0,8.0,6.0,7.0,4.0,5.0,5.0,8.0,9.0,7.0,8.0,8.0,7.0,7.0,8.0,5.0,5.0,4.0,9.0,6.0,4.0,7.0,2.0,1.0,4.0,7.0,7.0,,8.0,2.0,8.0,7.0,1.0,7.0,,10.0,7.0,7.0,2.0,3.0,,5.0,7.0,8.0,7.0,,,12.0,8.0,5.0,4.0,3.0,,7.0,7.0,7.0,6.0,6.0,6.0,3.0,4.0,8.0,5.0,6.0,4.0,5.0,2.0,5.0,,,,5.0,8.0,3.0,4.0,9.0,8.0,12.0,8.0,2.0,6.0,6.0,6.0,5.0,,,8.0,5.0,,8.0,7.0,8.0,6.0,7.0,7.0
Eritrea,6.0,6.0,7.0,7.0,6.0,4.0,,8.0,6.0,8.0,9.0,7.0,4.0,6.0,4.0,4.0,12.0,,,9.0,6.0,8.0,,,3.0,2.0,3.0,7.0,5.0,,3.0,8.0,,,,8.0,7.0,1.0,8.0,,3.0,,8.0,2.0,4.0,0.0,5.0,1.0,8.0,6.0,4.0,,6.0,,5.0,6.0,6.0,5.0,4.0,6.0,,6.0,,,8.0,,8.0,12.0,,3.0,8.0,5.0,6.0,7.0,4.0,2.0,9.0,10.0,8.0,9.0,8.0,6.0,8.0,9.0,4.0,8.0,6.0,6.0,8.0,7.0,8.0,2.0,4.0,7.0,8.0,8.0,,7.0,4.0,9.0,8.0,4.0,4.0,,11.0,4.0,5.0,3.0,3.0,,8.0,8.0,9.0,6.0,,,13.0,7.0,8.0,3.0,6.0,,6.0,7.0,7.0,7.0,4.0,5.0,1.0,2.0,9.0,8.0,9.0,6.0,8.0,5.0,2.0,,,,4.0,5.0,2.0,5.0,10.0,8.0,13.0,7.0,3.0,5.0,3.0,8.0,3.0,,,8.0,8.0,,9.0,6.0,5.0,4.0,5.0,7.0
Spain,1.0,8.0,6.0,6.0,6.0,7.0,,3.0,5.0,5.0,7.0,2.0,4.0,6.0,7.0,4.0,9.0,,,6.0,9.0,4.0,,,6.0,5.0,6.0,2.0,4.0,,5.0,5.0,,,,3.0,2.0,6.0,3.0,,2.0,,5.0,4.0,2.0,5.0,0.0,5.0,5.0,1.0,6.0,,5.0,,5.0,1.0,5.0,4.0,6.0,7.0,,5.0,,,4.0,,4.0,9.0,,5.0,6.0,7.0,6.0,2.0,6.0,6.0,6.0,7.0,5.0,6.0,6.0,8.0,5.0,6.0,6.0,3.0,5.0,10.0,4.0,2.0,5.0,3.0,1.0,2.0,5.0,5.0,,6.0,3.0,6.0,5.0,3.0,8.0,,8.0,8.0,8.0,3.0,4.0,,3.0,5.0,6.0,8.0,,,10.0,6.0,3.0,5.0,1.0,,8.0,5.0,5.0,4.0,7.0,7.0,4.0,5.0,6.0,3.0,4.0,5.0,3.0,4.0,6.0,,,,6.0,9.0,4.0,5.0,7.0,6.0,10.0,6.0,3.0,6.0,7.0,4.0,6.0,,,6.0,3.0,,6.0,8.0,9.0,7.0,8.0,5.0
Ethiopia,6.0,6.0,7.0,7.0,6.0,3.0,,8.0,6.0,8.0,9.0,7.0,4.0,6.0,3.0,4.0,12.0,,,9.0,5.0,8.0,,,2.0,2.0,3.0,7.0,5.0,,3.0,8.0,,,,8.0,7.0,1.0,8.0,,3.0,,8.0,2.0,4.0,1.0,5.0,0.0,8.0,6.0,4.0,,6.0,,5.0,6.0,6.0,5.0,4.0,6.0,,6.0,,,8.0,,8.0,12.0,,3.0,8.0,5.0,6.0,7.0,4.0,1.0,9.0,10.0,8.0,9.0,8.0,6.0,8.0,9.0,4.0,8.0,6.0,5.0,8.0,7.0,8.0,2.0,4.0,7.0,8.0,8.0,,7.0,4.0,9.0,8.0,4.0,3.0,,11.0,3.0,4.0,3.0,3.0,,8.0,8.0,9.0,6.0,,,13.0,7.0,8.0,3.0,6.0,,6.0,7.0,7.0,7.0,3.0,5.0,1.0,1.0,9.0,8.0,9.0,6.0,8.0,5.0,1.0,,,,4.0,4.0,2.0,5.0,10.0,8.0,13.0,7.0,3.0,5.0,2.0,8.0,2.0,,,8.0,8.0,,9.0,6.0,4.0,3.0,4.0,7.0
Finland,5.0,6.0,3.0,5.0,3.0,10.0,,4.0,2.0,5.0,4.0,4.0,9.0,4.0,10.0,9.0,6.0,,,3.0,12.0,2.0,,,9.0,8.0,9.0,4.0,9.0,,9.0,2.0,,,,3.0,3.0,9.0,4.0,,7.0,,2.0,6.0,7.0,8.0,5.0,8.0,0.0,4.0,10.0,,2.0,,10.0,6.0,10.0,9.0,10.0,4.0,,10.0,,,4.0,,3.0,6.0,,5.0,3.0,4.0,3.0,5.0,5.0,9.0,3.0,4.0,2.0,3.0,5.0,5.0,2.0,3.0,5.0,5.0,10.0,13.0,2.0,4.0,2.0,7.0,6.0,5.0,3.0,5.0,,5.0,8.0,3.0,2.0,8.0,11.0,,5.0,11.0,11.0,8.0,9.0,,4.0,1.0,3.0,6.0,,,7.0,3.0,2.0,6.0,6.0,,6.0,3.0,4.0,1.0,10.0,5.0,7.0,8.0,1.0,4.0,3.0,10.0,6.0,9.0,9.0,,,,4.0,12.0,8.0,10.0,4.0,3.0,7.0,3.0,8.0,3.0,10.0,2.0,9.0,,,3.0,6.0,,3.0,6.0,12.0,10.0,11.0,4.0
France,1.0,8.0,5.0,5.0,5.0,8.0,,2.0,4.0,4.0,6.0,1.0,5.0,5.0,8.0,5.0,8.0,,,5.0,10.0,3.0,,,7.0,6.0,7.0,1.0,5.0,,6.0,4.0,,,,2.0,1.0,7.0,2.0,,3.0,,4.0,5.0,3.0,6.0,1.0,6.0,4.0,0.0,7.0,,4.0,,6.0,2.0,6.0,5.0,7.0,6.0,,6.0,,,3.0,,3.0,8.0,,6.0,5.0,6.0,5.0,1.0,7.0,7.0,5.0,6.0,4.0,5.0,5.0,7.0,4.0,5.0,7.0,2.0,6.0,11.0,3.0,1.0,4.0,4.0,2.0,1.0,4.0,4.0,,5.0,4.0,5.0,4.0,4.0,9.0,,7.0,9.0,9.0,4.0,5.0,,2.0,4.0,5.0,8.0,,,9.0,5.0,2.0,6.0,2.0,,8.0,4.0,4.0,3.0,8.0,7.0,5.0,6.0,5.0,2.0,3.0,6.0,2.0,5.0,7.0,,,,6.0,10.0,5.0,6.0,6.0,5.0,9.0,5.0,4.0,5.0,8.0,3.0,7.0,,,5.0,2.0,,5.0,8.0,10.0,8.0,9.0,4.0
Gabon,7.0,8.0,9.0,9.0,8.0,2.0,,9.0,8.0,10.0,11.0,8.0,4.0,8.0,3.0,3.0,14.0,,,11.0,4.0,10.0,,,2.0,2.0,1.0,8.0,5.0,,1.0,10.0,,,,9.0,8.0,5.0,9.0,,4.0,,10.0,4.0,5.0,4.0,6.0,4.0,10.0,7.0,0.0,,8.0,,5.0,7.0,6.0,5.0,1.0,8.0,,6.0,,,10.0,,10.0,14.0,,5.0,10.0,7.0,8.0,8.0,6.0,4.0,11.0,12.0,10.0,11.0,10.0,8.0,10.0,11.0,6.0,9.0,6.0,5.0,10.0,8.0,10.0,3.0,5.0,8.0,10.0,10.0,,9.0,4.0,11.0,10.0,5.0,4.0,,13.0,4.0,3.0,3.0,2.0,,9.0,10.0,11.0,8.0,,,15.0,9.0,9.0,5.0,7.0,,8.0,9.0,9.0,9.0,3.0,7.0,3.0,3.0,11.0,9.0,10.0,6.0,9.0,5.0,5.0,,,,6.0,5.0,2.0,4.0,12.0,10.0,15.0,9.0,4.0,7.0,3.0,10.0,3.0,,,10.0,9.0,,11.0,8.0,4.0,3.0,4.0,9.0
United Kingdom,,,,,,,,,,,,,,,,,,,,,,,,,,,,,,,,,,,,,,,,,,,,,,,,,,,,0.0,,,,,,,,,,,,,,,,,1.0,,,,,,,,,,,,,,,,,,,,,,,,,,,,,,,,,,,,,,,,,,,,,,,,,,,,,,,,,,,,,,,,,,,,,,,,,,,,,,,,,,,,,,,,,,,,,,,
Georgia,5.0,4.0,3.0,3.0,1.0,8.0,,4.0,1.0,4.0,4.0,4.0,7.0,2.0,8.0,7.0,6.0,,,3.0,10.0,2.0,,,7.0,6.0,7.0,4.0,8.0,,7.0,2.0,,,,3.0,3.0,7.0,4.0,,6.0,,2.0,4.0,7.0,6.0,5.0,6.0,2.0,4.0,8.0,,0.0,,8.0,6.0,9.0,8.0,8.0,2.0,,9.0,,,4.0,,3.0,6.0,,3.0,3.0,2.0,2.0,5.0,3.0,7.0,3.0,4.0,2.0,3.0,4.0,3.0,2.0,3.0,3.0,5.0,9.0,11.0,2.0,4.0,2.0,5.0,6.0,5.0,3.0,4.0,,3.0,7.0,3.0,2.0,7.0,9.0,,5.0,9.0,9.0,6.0,7.0,,4.0,2.0,3.0,4.0,,,7.0,3.0,2.0,4.0,6.0,,4.0,3.0,3.0,1.0,8.0,3.0,5.0,6.0,3.0,4.0,3.0,9.0,6.0,8.0,7.0,,,,2.0,10.0,6.0,8.0,4.0,3.0,7.0,3.0,6.0,1.0,8.0,2.0,7.0,,,3.0,6.0,,3.0,4.0,10.0,8.0,9.0,3.0
French Guiana,,,,,,,2.0,,,,,,,,,,,2.0,1.0,,,,8.0,10.0,,,,,,3.0,,,2.0,4.0,10.0,,,,,,,3.0,,,,,,,,,,,,0.0,,,,,,,7.0,,2.0,6.0,,,,,,,,,,,,,,,,,,,,,,,,,,,,,,,,,,,,,,,,8.0,,,,,,5.0,,,,,3.0,2.0,,,,,,2.0,,,,,,,,,,,,,,,,1.0,7.0,,,,,,,,,,,,,,,9.0,2.0,,,2.0,,,,,,
Ghana,6.0,8.0,9.0,9.0,8.0,6.0,,8.0,8.0,10.0,11.0,7.0,1.0,8.0,6.0,2.0,14.0,,,11.0,8.0,9.0,,,5.0,4.0,5.0,7.0,1.0,,4.0,10.0,,,,8.0,7.0,6.0,8.0,,3.0,,10.0,4.0,4.0,5.0,5.0,5.0,10.0,6.0,5.0,,8.0,,0.0,6.0,4.0,2.0,5.0,8.0,,3.0,,,9.0,,9.0,14.0,,5.0,10.0,7.0,8.0,7.0,6.0,6.0,11.0,12.0,10.0,11.0,10.0,8.0,10.0,11.0,6.0,8.0,2.0,9.0,9.0,7.0,10.0,3.0,4.0,7.0,10.0,10.0,,9.0,2.0,11.0,10.0,3.0,7.0,,13.0,7.0,7.0,2.0,3.0,,8.0,10.0,11.0,8.0,,,15.0,9.0,8.0,5.0,6.0,,8.0,9.0,9.0,9.0,6.0,7.0,4.0,5.0,11.0,8.0,9.0,3.0,8.0,3.0,6.0,,,,6.0,8.0,3.0,1.0,12.0,10.0,15.0,9.0,4.0,7.0,6.0,9.0,6.0,,,10.0,8.0,,11.0,8.0,8.0,6.0,7.0,9.0
Gibraltar,2.0,9.0,7.0,7.0,7.0,8.0,,4.0,6.0,6.0,8.0,3.0,5.0,7.0,8.0,5.0,10.0,,,7.0,10.0,5.0,,,7.0,6.0,7.0,3.0,5.0,,6.0,6.0,,,,4.0,3.0,7.0,4.0,,3.0,,6.0,5.0,3.0,6.0,1.0,6.0,6.0,2.0,7.0,,6.0,,6.0,0.0,6.0,5.0,7.0,8.0,,6.0,,,5.0,,5.0,10.0,,6.0,7.0,8.0,7.0,3.0,7.0,7.0,7.0,8.0,6.0,7.0,7.0,9.0,6.0,7.0,7.0,4.0,6.0,11.0,5.0,3.0,6.0,4.0,2.0,3.0,6.0,6.0,,7.0,4.0,7.0,6.0,4.0,9.0,,9.0,9.0,9.0,4.0,5.0,,4.0,6.0,7.0,9.0,,,11.0,7.0,4.0,6.0,2.0,,9.0,6.0,6.0,5.0,8.0,8.0,5.0,6.0,7.0,4.0,5.0,6.0,4.0,5.0,7.0,,,,7.0,10.0,5.0,6.0,8.0,7.0,11.0,7.0,4.0,7.0,8.0,5.0,7.0,,,7.0,4.0,,7.0,9.0,10.0,8.0,9.0,6.0
Gambia,6.0,9.0,10.0,10.0,9.0,7.0,,8.0,9.0,10.0,12.0,7.0,3.0,9.0,7.0,4.0,14.0,,,11.0,9.0,9.0,,,6.0,5.0,6.0,7.0,3.0,,5.0,10.0,,,,8.0,7.0,7.0,8.0,,3.0,,10.0,5.0,3.0,6.0,5.0,6.0,10.0,6.0,6.0,,9.0,,4.0,6.0,0.0,2.0,6.0,9.0,,2.0,,,9.0,,9.0,14.0,,6.0,11.0,8.0,9.0,7.0,7.0,7.0,11.0,12.0,10.0,11.0,11.0,9.0,10.0,11.0,7.0,8.0,3.0,10.0,9.0,7.0,10.0,4.0,4.0,7.0,10.0,10.0,,10.0,2.0,11.0,10.0,2.0,8.0,,13.0,8.0,8.0,3.0,4.0,,8.0,10.0,11.0,9.0,,,15.0,10.0,8.0,6.0,6.0,,9.0,10.0,10.0,9.0,7.0,8.0,5.0,6.0,11.0,8.0,9.0,3.0,8.0,1.0,7.0,,,,7.0,9.0,4.0,4.0,12.0,11.0,15.0,10.0,4.0,8.0,7.0,9.0,7.0,,,11.0,8.0,,11.0,9.0,9.0,7.0,8.0,10.0
Guinea,5.0,8.0,9.0,9.0,8.0,6.0,,7.0,8.0,9.0,11.0,6.0,2.0,8.0,6.0,3.0,13.0,,,10.0,8.0,8.0,,,5.0,4.0,5.0,6.0,1.0,,4.0,9.0,,,,7.0,6.0,6.0,7.0,,2.0,,9.0,4.0,3.0,5.0,4.0,5.0,9.0,5.0,5.0,,8.0,,2.0,5.0,2.0,0.0,5.0,8.0,,1.0,,,8.0,,8.0,13.0,,5.0,10.0,7.0,8.0,6.0,6.0,6.0,10.0,11.0,9.0,10.0,10.0,8.0,9.0,10.0,6.0,7.0,1.0,9.0,8.0,6.0,9.0,3.0,3.0,6.0,9.0,9.0,,9.0,1.0,10.0,9.0,2.0,7.0,,12.0,7.0,7.0,2.0,3.0,,7.0,9.0,10.0,8.0,,,14.0,9.0,7.0,5.0,5.0,,8.0,9.0,9.0,8.0,6.0,7.0,4.0,5.0,10.0,7.0,8.0,1.0,7.0,1.0,6.0,,,,6.0,8.0,3.0,3.0,11.0,10.0,14.0,9.0,3.0,7.0,6.0,8.0,6.0,,,10.0,7.0,,10.0,8.0,8.0,6.0,7.0,9.0
Equatorial Guinea,7.0,8.0,9.0,9.0,8.0,3.0,,9.0,8.0,10.0,11.0,8.0,4.0,8.0,4.0,3.0,14.0,,,11.0,5.0,10.0,,,3.0,2.0,2.0,8.0,5.0,,1.0,10.0,,,,9.0,8.0,5.0,9.0,,4.0,,10.0,4.0,5.0,4.0,6.0,4.0,10.0,7.0,1.0,,8.0,,5.0,7.0,6.0,5.0,0.0,8.0,,6.0,,,10.0,,10.0,14.0,,5.0,10.0,7.0,8.0,8.0,6.0,4.0,11.0,12.0,10.0,11.0,10.0,8.0,10.0,11.0,6.0,9.0,6.0,6.0,10.0,8.0,10.0,3.0,5.0,8.0,10.0,10.0,,9.0,4.0,11.0,10.0,5.0,5.0,,13.0,5.0,4.0,3.0,2.0,,9.0,10.0,11.0,8.0,,,15.0,9.0,9.0,5.0,7.0,,8.0,9.0,9.0,9.0,4.0,7.0,3.0,3.0,11.0,9.0,10.0,6.0,9.0,5.0,5.0,,,,6.0,6.0,2.0,4.0,12.0,10.0,15.0,9.0,4.0,7.0,4.0,10.0,4.0,,,10.0,9.0,,11.0,8.0,5.0,4.0,5.0,9.0
Greece,7.0,4.0,3.0,1.0,2.0,8.0,,4.0,2.0,3.0,5.0,6.0,7.0,1.0,8.0,7.0,8.0,,,5.0,10.0,4.0,,,7.0,6.0,7.0,5.0,8.0,,7.0,4.0,,,,5.0,5.0,7.0,6.0,,6.0,,4.0,4.0,7.0,6.0,7.0,6.0,4.0,6.0,8.0,,2.0,,8.0,8.0,9.0,8.0,8.0,0.0,,9.0,,,3.0,,3.0,8.0,,3.0,4.0,2.0,2.0,5.0,3.0,7.0,5.0,6.0,4.0,5.0,2.0,3.0,4.0,5.0,3.0,5.0,9.0,11.0,4.0,6.0,4.0,5.0,7.0,7.0,3.0,2.0,,1.0,7.0,5.0,4.0,7.0,9.0,,7.0,9.0,9.0,6.0,7.0,,6.0,4.0,5.0,4.0,,,9.0,3.0,4.0,4.0,8.0,,4.0,2.0,2.0,3.0,8.0,3.0,5.0,6.0,5.0,4.0,4.0,9.0,6.0,8.0,7.0,,,,2.0,10.0,6.0,8.0,6.0,4.0,9.0,3.0,6.0,1.0,8.0,3.0,7.0,,,4.0,6.0,,5.0,4.0,10.0,8.0,9.0,2.0
Guatemala,,,,,,,7.0,,,,,,,,,,,7.0,6.0,,,,1.0,3.0,,,,,,7.0,,,5.0,3.0,3.0,,,,,,,6.0,,,,,,,,,,,,7.0,,,,,,,0.0,,7.0,1.0,,,,,,,,,,,,,,,,,,,,,,,,,,,,,,,,,,,,,,,,1.0,,,,,,2.0,,,,,4.0,6.0,,,,,,7.0,,,,,,,,,,,,,,,,7.0,1.0,,,,,,,,,,,,,,,2.0,7.0,,,6.0,,,,,,
Guinea-Bissau,6.0,9.0,10.0,10.0,9.0,7.0,,8.0,9.0,10.0,12.0,7.0,3.0,9.0,7.0,4.0,14.0,,,11.0,9.0,9.0,,,6.0,5.0,6.0,7.0,2.0,,5.0,10.0,,,,8.0,7.0,7.0,8.0,,3.0,,10.0,5.0,3.0,6.0,5.0,6.0,10.0,6.0,6.0,,9.0,,3.0,6.0,2.0,1.0,6.0,9.0,,0.0,,,9.0,,9.0,14.0,,6.0,11.0,8.0,9.0,7.0,7.0,7.0,11.0,12.0,10.0,11.0,11.0,9.0,10.0,11.0,7.0,8.0,2.0,10.0,9.0,7.0,10.0,4.0,4.0,7.0,10.0,10.0,,10.0,2.0,11.0,10.0,2.0,8.0,,13.0,8.0,8.0,3.0,4.0,,8.0,10.0,11.0,9.0,,,15.0,10.0,8.0,6.0,6.0,,9.0,10.0,10.0,9.0,7.0,8.0,5.0,6.0,11.0,8.0,9.0,2.0,8.0,1.0,7.0,,,,7.0,9.0,4.0,4.0,12.0,11.0,15.0,10.0,4.0,8.0,7.0,9.0,7.0,,,11.0,8.0,,11.0,9.0,9.0,7.0,8.0,10.0
Guyana,,,,,,,2.0,,,,,,,,,,,2.0,1.0,,,,8.0,10.0,,,,,,3.0,,,2.0,4.0,10.0,,,,,,,3.0,,,,,,,,,,,,2.0,,,,,,,7.0,,0.0,6.0,,,,,,,,,,,,,,,,,,,,,,,,,,,,,,,,,,,,,,,,8.0,,,,,,5.0,,,,,3.0,2.0,,,,,,2.0,,,,,,,,,,,,,,,,1.0,7.0,,,,,,,,,,,,,,,9.0,2.0,,,1.0,,,,,,
Honduras,,,,,,,6.0,,,,,,,,,,,6.0,5.0,,,,2.0,4.0,,,,,,6.0,,,4.0,2.0,4.0,,,,,,,5.0,,,,,,,,,,,,6.0,,,,,,,1.0,,6.0,0.0,,,,,,,,,,,,,,,,,,,,,,,,,,,,,,,,,,,,,,,,2.0,,,,,,1.0,,,,,3.0,5.0,,,,,,6.0,,,,,,,,,,,,,,,,6.0,1.0,,,,,,,,,,,,,,,3.0,6.0,,,5.0,,,,,,
Croatia,4.0,6.0,5.0,2.0,4.0,10.0,,2.0,4.0,1.0,6.0,4.0,8.0,2.0,10.0,8.0,8.0,,,5.0,12.0,3.0,,,9.0,8.0,9.0,3.0,8.0,,9.0,4.0,,,,3.0,3.0,9.0,4.0,,6.0,,4.0,6.0,6.0,8.0,4.0,8.0,4.0,3.0,10.0,,4.0,,9.0,5.0,9.0,8.0,10.0,3.0,,9.0,,,0.0,,1.0,8.0,,5.0,5.0,4.0,4.0,2.0,5.0,9.0,5.0,6.0,4.0,5.0,2.0,5.0,4.0,5.0,5.0,3.0,9.0,13.0,4.0,4.0,4.0,7.0,5.0,4.0,3.0,1.0,,2.0,7.0,5.0,4.0,7.0,11.0,,7.0,11.0,11.0,7.0,8.0,,4.0,4.0,5.0,6.0,,,9.0,5.0,3.0,6.0,5.0,,6.0,2.0,1.0,3.0,10.0,5.0,7.0,8.0,5.0,1.0,2.0,9.0,3.0,8.0,9.0,,,,4.0,12.0,8.0,9.0,6.0,5.0,9.0,5.0,7.0,3.0,10.0,2.0,9.0,,,5.0,3.0,,5.0,6.0,12.0,10.0,11.0,1.0
Haiti,,,,,,,,,,,,,,,,,,,,,,,,,,,,,,,,,,,,,,,,1.0,,,,,,,,,,,,,,,,,,,,,,,,,,0.0,,,,,,,,,,,,,,,,,,,,,,,,,,,,,,,,,,,,,,,,,,,,,,,,,,,,,,,,,,,,,,,,,,,,,,,,,,,,,,,,,,,,,,,,,,,,,,,,,,
Hungary,4.0,6.0,4.0,2.0,4.0,10.0,,1.0,3.0,2.0,5.0,3.0,8.0,2.0,10.0,8.0,7.0,,,4.0,12.0,2.0,,,9.0,8.0,9.0,2.0,8.0,,9.0,3.0,,,,2.0,2.0,9.0,3.0,,6.0,,3.0,6.0,6.0,8.0,4.0,8.0,3.0,3.0,10.0,,3.0,,9.0,5.0,9.0,8.0,10.0,3.0,,9.0,,,1.0,,0.0,7.0,,5.0,4.0,4.0,4.0,2.0,5.0,9.0,4.0,5.0,3.0,4.0,2.0,5.0,3.0,4.0,5.0,2.0,9.0,13.0,3.0,3.0,3.0,7.0,5.0,4.0,2.0,2.0,,2.0,7.0,4.0,3.0,7.0,11.0,,6.0,11.0,11.0,7.0,8.0,,3.0,3.0,4.0,6.0,,,8.0,4.0,2.0,6.0,5.0,,6.0,1.0,1.0,2.0,10.0,5.0,7.0,8.0,4.0,1.0,1.0,9.0,3.0,8.0,9.0,,,,4.0,12.0,8.0,9.0,5.0,4.0,8.0,4.0,7.0,3.0,10.0,1.0,9.0,,,4.0,3.0,,4.0,6.0,12.0,10.0,11.0,1.0
Indonesia,9.0,9.0,5.0,9.0,7.0,14.0,,8.0,6.0,9.0,4.0,8.0,13.0,8.0,14.0,13.0,2.0,,,5.0,16.0,6.0,,,13.0,12.0,13.0,8.0,13.0,,13.0,4.0,,,,7.0,7.0,13.0,8.0,,11.0,,6.0,10.0,11.0,12.0,9.0,12.0,6.0,8.0,14.0,,6.0,,14.0,10.0,14.0,13.0,14.0,8.0,,14.0,,,8.0,,7.0,0.0,,9.0,4.0,7.0,6.0,9.0,8.0,13.0,5.0,3.0,5.0,6.0,9.0,8.0,5.0,3.0,9.0,9.0,14.0,17.0,6.0,8.0,6.0,11.0,10.0,9.0,7.0,9.0,,9.0,12.0,3.0,5.0,12.0,15.0,,1.0,15.0,15.0,12.0,13.0,,8.0,6.0,5.0,9.0,,,1.0,5.0,6.0,9.0,10.0,,9.0,7.0,8.0,5.0,14.0,8.0,11.0,12.0,7.0,8.0,7.0,14.0,10.0,13.0,13.0,,,,8.0,16.0,12.0,14.0,2.0,5.0,1.0,6.0,12.0,7.0,14.0,6.0,13.0,,,6.0,10.0,,4.0,9.0,16.0,14.0,15.0,8.0
Ireland,,,,,,,,,,,,,,,,,,,,,,,,,,,,,,,,,,,,,,,,,,,,,,,,,,,,1.0,,,,,,,,,,,,,,,,,0.0,,,,,,,,,,,,,,,,,,,,,,,,,,,,,,,,,,,,,,,,,,,,,,,,,,,,,,,,,,,,,,,,,,,,,,,,,,,,,,,,,,,,,,,,,,,,,,,
Israel,6.0,3.0,4.0,4.0,3.0,5.0,,6.0,3.0,5.0,6.0,7.0,4.0,3.0,5.0,4.0,9.0,,,6.0,7.0,5.0,,,4.0,3.0,4.0,7.0,5.0,,4.0,5.0,,,,6.0,6.0,4.0,7.0,,3.0,,5.0,1.0,4.0,3.0,5.0,3.0,5.0,6.0,5.0,,3.0,,5.0,6.0,6.0,5.0,5.0,3.0,,6.0,,,5.0,,5.0,9.0,,0.0,5.0,2.0,3.0,7.0,1.0,4.0,6.0,7.0,5.0,6.0,5.0,3.0,5.0,6.0,1.0,7.0,6.0,8.0,5.0,7.0,5.0,2.0,4.0,7.0,5.0,5.0,,4.0,4.0,6.0,5.0,4.0,6.0,,8.0,6.0,6.0,3.0,4.0,,7.0,5.0,6.0,3.0,,,10.0,4.0,5.0,1.0,6.0,,3.0,4.0,4.0,4.0,5.0,2.0,2.0,3.0,6.0,6.0,6.0,6.0,8.0,5.0,4.0,,,,1.0,7.0,3.0,5.0,7.0,5.0,10.0,4.0,3.0,2.0,5.0,5.0,4.0,,,5.0,8.0,,6.0,3.0,7.0,5.0,6.0,4.0
India,6.0,5.0,2.0,5.0,3.0,10.0,,5.0,3.0,6.0,1.0,5.0,9.0,4.0,10.0,9.0,4.0,,,1.0,12.0,3.0,,,9.0,8.0,9.0,5.0,10.0,,9.0,1.0,,,,4.0,4.0,9.0,5.0,,8.0,,3.0,6.0,8.0,8.0,6.0,8.0,3.0,5.0,10.0,,3.0,,10.0,7.0,11.0,10.0,10.0,4.0,,11.0,,,5.0,,4.0,4.0,,5.0,0.0,3.0,2.0,6.0,4.0,9.0,2.0,3.0,2.0,3.0,6.0,4.0,2.0,2.0,5.0,6.0,11.0,13.0,3.0,5.0,3.0,7.0,7.0,6.0,4.0,6.0,,5.0,9.0,1.0,2.0,9.0,11.0,,3.0,11.0,11.0,8.0,9.0,,5.0,3.0,1.0,5.0,,,5.0,1.0,3.0,5.0,7.0,,5.0,4.0,5.0,2.0,10.0,4.0,7.0,8.0,4.0,5.0,4.0,11.0,7.0,10.0,9.0,,,,4.0,12.0,8.0,10.0,2.0,2.0,5.0,3.0,8.0,3.0,10.0,3.0,9.0,,,3.0,7.0,,2.0,5.0,12.0,10.0,11.0,5.0
Iraq,7.0,2.0,2.0,3.0,2.0,7.0,,5.0,2.0,4.0,4.0,6.0,6.0,2.0,7.0,6.0,7.0,,,4.0,9.0,4.0,,,6.0,5.0,6.0,6.0,7.0,,6.0,3.0,,,,5.0,5.0,6.0,6.0,,5.0,,4.0,3.0,6.0,5.0,7.0,5.0,4.0,6.0,7.0,,2.0,,7.0,8.0,8.0,7.0,7.0,2.0,,8.0,,,4.0,,4.0,7.0,,2.0,3.0,0.0,1.0,6.0,1.0,6.0,4.0,5.0,4.0,5.0,4.0,1.0,3.0,4.0,2.0,6.0,8.0,10.0,4.0,6.0,4.0,4.0,6.0,7.0,4.0,4.0,,3.0,6.0,4.0,4.0,6.0,8.0,,6.0,8.0,8.0,5.0,6.0,,6.0,4.0,4.0,2.0,,,8.0,2.0,4.0,2.0,8.0,,2.0,3.0,3.0,3.0,7.0,1.0,4.0,5.0,5.0,5.0,5.0,8.0,7.0,7.0,6.0,,,,1.0,9.0,5.0,7.0,5.0,3.0,8.0,2.0,5.0,1.0,7.0,4.0,6.0,,,3.0,7.0,,4.0,2.0,9.0,7.0,8.0,3.0
Iran,6.0,3.0,1.0,3.0,1.0,8.0,,5.0,1.0,4.0,3.0,5.0,7.0,2.0,8.0,7.0,6.0,,,3.0,10.0,3.0,,,7.0,6.0,7.0,5.0,8.0,,7.0,2.0,,,,4.0,4.0,7.0,5.0,,6.0,,3.0,4.0,7.0,6.0,6.0,6.0,3.0,5.0,8.0,,2.0,,8.0,7.0,9.0,8.0,8.0,2.0,,9.0,,,4.0,,4.0,6.0,,3.0,2.0,1.0,0.0,6.0,2.0,7.0,3.0,4.0,3.0,4.0,4.0,2.0,2.0,3.0,3.0,6.0,9.0,11.0,3.0,5.0,3.0,5.0,7.0,6.0,4.0,4.0,,3.0,7.0,3.0,3.0,7.0,9.0,,5.0,9.0,9.0,6.0,7.0,,5.0,3.0,3.0,3.0,,,7.0,1.0,3.0,3.0,7.0,,3.0,3.0,3.0,2.0,8.0,2.0,5.0,6.0,4.0,5.0,4.0,9.0,7.0,8.0,7.0,,,,2.0,10.0,6.0,8.0,4.0,2.0,7.0,1.0,6.0,1.0,8.0,3.0,7.0,,,2.0,7.0,,3.0,3.0,10.0,8.0,9.0,3.0
Italy,2.0,8.0,6.0,4.0,6.0,9.0,,1.0,5.0,3.0,7.0,2.0,6.0,4.0,9.0,6.0,9.0,,,6.0,11.0,4.0,,,8.0,7.0,8.0,1.0,6.0,,7.0,5.0,,,,2.0,2.0,8.0,3.0,,4.0,,5.0,6.0,4.0,7.0,2.0,7.0,5.0,1.0,8.0,,5.0,,7.0,3.0,7.0,6.0,8.0,5.0,,7.0,,,2.0,,2.0,9.0,,7.0,6.0,6.0,6.0,0.0,7.0,8.0,6.0,7.0,5.0,6.0,4.0,7.0,5.0,6.0,7.0,2.0,7.0,12.0,4.0,2.0,5.0,5.0,3.0,2.0,4.0,3.0,,4.0,5.0,6.0,5.0,5.0,10.0,,8.0,10.0,10.0,5.0,6.0,,3.0,5.0,6.0,8.0,,,10.0,6.0,3.0,7.0,3.0,,8.0,3.0,3.0,4.0,9.0,7.0,6.0,7.0,6.0,1.0,2.0,7.0,1.0,6.0,8.0,,,,6.0,11.0,6.0,7.0,7.0,6.0,10.0,6.0,5.0,5.0,9.0,3.0,8.0,,,6.0,1.0,,6.0,8.0,11.0,9.0,10.0,3.0
Jordan,7.0,2.0,3.0,4.0,3.0,6.0,,6.0,3.0,5.0,5.0,7.0,5.0,3.0,6.0,5.0,8.0,,,5.0,8.0,5.0,,,5.0,4.0,5.0,7.0,6.0,,5.0,4.0,,,,6.0,6.0,5.0,7.0,,4.0,,5.0,2.0,5.0,4.0,6.0,4.0,5.0,7.0,6.0,,3.0,,6.0,7.0,7.0,6.0,6.0,3.0,,7.0,,,5.0,,5.0,8.0,,1.0,4.0,1.0,2.0,7.0,0.0,5.0,5.0,6.0,5.0,6.0,5.0,2.0,4.0,5.0,2.0,7.0,7.0,9.0,5.0,7.0,5.0,3.0,5.0,8.0,5.0,5.0,,4.0,5.0,5.0,5.0,5.0,7.0,,7.0,7.0,7.0,4.0,5.0,,7.0,5.0,5.0,2.0,,,9.0,3.0,5.0,1.0,7.0,,2.0,4.0,4.0,4.0,6.0,1.0,3.0,4.0,6.0,6.0,6.0,7.0,8.0,6.0,5.0,,,,1.0,8.0,4.0,6.0,6.0,4.0,9.0,3.0,4.0,2.0,6.0,5.0,5.0,,,4.0,8.0,,5.0,2.0,8.0,6.0,7.0,4.0
Kenya,7.0,7.0,8.0,8.0,7.0,3.0,,9.0,7.0,9.0,10.0,8.0,5.0,7.0,2.0,5.0,13.0,,,10.0,4.0,9.0,,,2.0,2.0,3.0,8.0,6.0,,3.0,9.0,,,,9.0,8.0,2.0,9.0,,4.0,,9.0,3.0,5.0,2.0,6.0,1.0,9.0,7.0,4.0,,7.0,,6.0,7.0,7.0,6.0,4.0,7.0,,7.0,,,9.0,,9.0,13.0,,4.0,9.0,6.0,7.0,8.0,5.0,0.0,10.0,11.0,9.0,10.0,9.0,7.0,9.0,10.0,5.0,9.0,7.0,4.0,9.0,8.0,9.0,3.0,5.0,8.0,9.0,9.0,,8.0,5.0,10.0,9.0,5.0,2.0,,12.0,2.0,3.0,4.0,4.0,,9.0,9.0,10.0,7.0,,,14.0,8.0,9.0,4.0,7.0,,7.0,8.0,8.0,8.0,2.0,6.0,2.0,1.0,10.0,9.0,10.0,7.0,9.0,6.0,1.0,,,,5.0,3.0,3.0,6.0,11.0,9.0,14.0,8.0,4.0,6.0,1.0,9.0,1.0,,,9.0,9.0,,10.0,7.0,3.0,2.0,3.0,8.0
Kyrgyzstan,6.0,6.0,2.0,6.0,4.0,11.0,,5.0,3.0,6.0,3.0,5.0,10.0,5.0,11.0,10.0,5.0,,,2.0,13.0,3.0,,,10.0,9.0,10.0,5.0,10.0,,10.0,1.0,,,,4.0,4.0,10.0,5.0,,8.0,,3.0,7.0,8.0,9.0,6.0,9.0,3.0,5.0,11.0,,3.0,,11.0,7.0,11.0,10.0,11.0,5.0,,11.0,,,5.0,,4.0,5.0,,6.0,2.0,4.0,3.0,6.0,5.0,10.0,0.0,3.0,2.0,3.0,6.0,5.0,1.0,2.0,6.0,6.0,11.0,14.0,3.0,5.0,3.0,8.0,7.0,6.0,4.0,6.0,,6.0,9.0,2.0,2.0,9.0,12.0,,4.0,12.0,12.0,9.0,10.0,,5.0,3.0,2.0,6.0,,,6.0,2.0,3.0,6.0,7.0,,6.0,4.0,5.0,2.0,11.0,5.0,8.0,9.0,4.0,5.0,4.0,11.0,7.0,10.0,10.0,,,,5.0,13.0,9.0,11.0,3.0,1.0,6.0,2.0,9.0,4.0,11.0,3.0,10.0,,,1.0,7.0,,2.0,6.0,13.0,11.0,12.0,5.0
Cambodia,7.0,7.0,3.0,7.0,5.0,12.0,,6.0,4.0,7.0,3.0,6.0,11.0,6.0,12.0,11.0,3.0,,,3.0,14.0,4.0,,,11.0,10.0,11.0,6.0,11.0,,11.0,2.0,,,,5.0,5.0,11.0,6.0,,9.0,,4.0,8.0,9.0,10.0,7.0,10.0,4.0,6.0,12.0,,4.0,,12.0,8.0,12.0,11.0,12.0,6.0,,12.0,,,6.0,,5.0,3.0,,7.0,3.0,5.0,4.0,7.0,6.0,11.0,3.0,0.0,3.0,4.0,7.0,6.0,3.0,1.0,7.0,7.0,12.0,15.0,4.0,6.0,4.0,9.0,8.0,7.0,5.0,7.0,,7.0,10.0,2.0,3.0,10.0,13.0,,2.0,13.0,13.0,10.0,11.0,,6.0,4.0,3.0,7.0,,,4.0,3.0,4.0,7.0,8.0,,7.0,5.0,6.0,3.0,12.0,6.0,9.0,10.0,5.0,6.0,5.0,12.0,8.0,11.0,11.0,,,,6.0,14.0,10.0,12.0,1.0,3.0,4.0,4.0,10.0,5.0,12.0,4.0,11.0,,,4.0,8.0,,1.0,7.0,14.0,12.0,13.0,6.0
North Korea,5.0,6.0,2.0,5.0,3.0,10.0,,4.0,2.0,5.0,3.0,4.0,9.0,4.0,10.0,9.0,5.0,,,2.0,12.0,2.0,,,9.0,8.0,9.0,4.0,9.0,,9.0,1.0,,,,3.0,3.0,9.0,4.0,,7.0,,2.0,6.0,7.0,8.0,5.0,8.0,2.0,4.0,10.0,,2.0,,10.0,6.0,10.0,9.0,10.0,4.0,,10.0,,,4.0,,3.0,5.0,,5.0,2.0,4.0,3.0,5.0,5.0,9.0,2.0,3.0,0.0,1.0,5.0,5.0,2.0,2.0,5.0,5.0,10.0,13.0,2.0,4.0,2.0,7.0,6.0,5.0,3.0,5.0,,5.0,8.0,2.0,2.0,8.0,11.0,,4.0,11.0,11.0,8.0,9.0,,4.0,2.0,2.0,6.0,,,6.0,2.0,2.0,6.0,6.0,,6.0,3.0,4.0,1.0,10.0,5.0,7.0,8.0,3.0,4.0,3.0,10.0,6.0,9.0,9.0,,,,4.0,12.0,8.0,10.0,3.0,2.0,6.0,3.0,8.0,3.0,10.0,2.0,9.0,,,3.0,6.0,,2.0,6.0,12.0,10.0,11.0,4.0
South Korea,6.0,7.0,3.0,6.0,4.0,11.0,,5.0,3.0,6.0,4.0,5.0,10.0,5.0,11.0,10.0,6.0,,,3.0,13.0,3.0,,,10.0,9.0,10.0,5.0,10.0,,10.0,2.0,,,,4.0,4.0,10.0,5.0,,8.0,,3.0,7.0,8.0,9.0,6.0,9.0,3.0,5.0,11.0,,3.0,,11.0,7.0,11.0,10.0,11.0,5.0,,11.0,,,5.0,,4.0,6.0,,6.0,3.0,5.0,4.0,6.0,6.0,10.0,3.0,4.0,1.0,0.0,6.0,6.0,3.0,3.0,6.0,6.0,11.0,14.0,3.0,5.0,3.0,8.0,7.0,6.0,4.0,6.0,,6.0,9.0,3.0,3.0,9.0,12.0,,5.0,12.0,12.0,9.0,10.0,,5.0,3.0,3.0,7.0,,,7.0,3.0,3.0,7.0,7.0,,7.0,4.0,5.0,2.0,11.0,6.0,8.0,9.0,4.0,5.0,4.0,11.0,7.0,10.0,10.0,,,,5.0,13.0,9.0,11.0,4.0,3.0,7.0,4.0,9.0,4.0,11.0,3.0,10.0,,,4.0,7.0,,3.0,7.0,13.0,11.0,12.0,5.0
Kosovo,6.0,6.0,5.0,1.0,4.0,10.0,,3.0,4.0,2.0,7.0,5.0,9.0,2.0,10.0,9.0,9.0,,,6.0,12.0,4.0,,,9.0,8.0,9.0,4.0,10.0,,9.0,5.0,,,,4.0,4.0,9.0,5.0,,8.0,,5.0,6.0,8.0,8.0,6.0,8.0,5.0,5.0,10.0,,4.0,,10.0,7.0,11.0,10.0,10.0,2.0,,11.0,,,2.0,,2.0,9.0,,5.0,6.0,4.0,4.0,4.0,5.0,9.0,6.0,7.0,5.0,6.0,0.0,5.0,5.0,6.0,5.0,4.0,11.0,13.0,5.0,5.0,5.0,7.0,7.0,6.0,3.0,1.0,,1.0,9.0,6.0,5.0,9.0,11.0,,8.0,11.0,11.0,8.0,9.0,,5.0,5.0,6.0,6.0,,,10.0,5.0,4.0,6.0,7.0,,6.0,2.0,1.0,4.0,10.0,5.0,7.0,8.0,6.0,3.0,3.0,11.0,5.0,10.0,9.0,,,,4.0,12.0,8.0,10.0,7.0,6.0,10.0,5.0,8.0,3.0,10.0,3.0,9.0,,,6.0,5.0,,6.0,6.0,12.0,10.0,11.0,2.0
Kuwait,8.0,2.0,3.0,4.0,3.0,8.0,,6.0,3.0,5.0,5.0,7.0,7.0,3.0,8.0,7.0,8.0,,,5.0,10.0,5.0,,,7.0,6.0,7.0,7.0,8.0,,7.0,4.0,,,,6.0,6.0,7.0,7.0,,6.0,,5.0,4.0,7.0,6.0,8.0,6.0,5.0,7.0,8.0,,3.0,,8.0,9.0,9.0,8.0,8.0,3.0,,9.0,,,5.0,,5.0,8.0,,3.0,4.0,1.0,2.0,7.0,2.0,7.0,5.0,6.0,5.0,6.0,5.0,0.0,4.0,5.0,3.0,7.0,9.0,11.0,5.0,7.0,5.0,5.0,7.0,8.0,5.0,5.0,,4.0,7.0,5.0,5.0,7.0,9.0,,7.0,9.0,9.0,6.0,7.0,,7.0,5.0,5.0,2.0,,,9.0,3.0,5.0,3.0,9.0,,2.0,4.0,4.0,4.0,8.0,1.0,5.0,6.0,6.0,6.0,6.0,9.0,8.0,8.0,7.0,,,,2.0,10.0,6.0,8.0,6.0,4.0,9.0,3.0,6.0,2.0,8.0,5.0,7.0,,,4.0,8.0,,5.0,2.0,10.0,8.0,9.0,4.0
Kazakhstan,5.0,5.0,2.0,5.0,3.0,10.0,,4.0,2.0,5.0,3.0,4.0,9.0,4.0,10.0,9.0,5.0,,,2.0,12.0,2.0,,,9.0,8.0,9.0,4.0,9.0,,9.0,1.0,,,,3.0,3.0,9.0,4.0,,7.0,,2.0,6.0,7.0,8.0,5.0,8.0,2.0,4.0,10.0,,2.0,,10.0,6.0,10.0,9.0,10.0,4.0,,10.0,,,4.0,,3.0,5.0,,5.0,2.0,3.0,2.0,5.0,4.0,9.0,1.0,3.0,2.0,3.0,5.0,4.0,0.0,2.0,5.0,5.0,10.0,13.0,2.0,4.0,2.0,7.0,6.0,5.0,3.0,5.0,,5.0,8.0,2.0,2.0,8.0,11.0,,4.0,11.0,11.0,8.0,9.0,,4.0,2.0,2.0,5.0,,,6.0,2.0,2.0,5.0,6.0,,5.0,3.0,4.0,1.0,10.0,4.0,7.0,8.0,3.0,4.0,3.0,10.0,6.0,9.0,9.0,,,,4.0,12.0,8.0,10.0,3.0,2.0,6.0,1.0,8.0,3.0,10.0,2.0,9.0,,,1.0,6.0,,2.0,5.0,12.0,10.0,11.0,4.0
Laos,6.0,6.0,2.0,6.0,4.0,11.0,,5.0,3.0,6.0,2.0,5.0,10.0,5.0,11.0,10.0,3.0,,,2.0,13.0,3.0,,,10.0,9.0,10.0,5.0,10.0,,10.0,1.0,,,,4.0,4.0,10.0,5.0,,8.0,,3.0,7.0,8.0,9.0,6.0,9.0,3.0,5.0,11.0,,3.0,,11.0,7.0,11.0,10.0,11.0,5.0,,11.0,,,5.0,,4.0,3.0,,6.0,2.0,4.0,3.0,6.0,5.0,10.0,2.0,1.0,2.0,3.0,6.0,5.0,2.0,0.0,6.0,6.0,11.0,14.0,3.0,5.0,3.0,8.0,7.0,6.0,4.0,6.0,,6.0,9.0,1.0,2.0,9.0,12.0,,2.0,12.0,12.0,9.0,10.0,,5.0,3.0,2.0,6.0,,,4.0,2.0,3.0,6.0,7.0,,6.0,4.0,5.0,2.0,11.0,5.0,8.0,9.0,4.0,5.0,4.0,11.0,7.0,10.0,10.0,,,,5.0,13.0,9.0,11.0,1.0,2.0,4.0,3.0,9.0,4.0,11.0,3.0,10.0,,,3.0,7.0,,1.0,6.0,13.0,11.0,12.0,5.0
Lebanon,7.0,4.0,4.0,4.0,3.0,6.0,,6.0,3.0,5.0,6.0,7.0,5.0,3.0,6.0,5.0,9.0,,,6.0,8.0,5.0,,,5.0,4.0,5.0,7.0,6.0,,5.0,5.0,,,,6.0,6.0,5.0,7.0,,4.0,,5.0,2.0,5.0,4.0,6.0,4.0,5.0,7.0,6.0,,3.0,,6.0,7.0,7.0,6.0,6.0,3.0,,7.0,,,5.0,,5.0,9.0,,1.0,5.0,2.0,3.0,7.0,2.0,5.0,6.0,7.0,5.0,6.0,5.0,3.0,5.0,6.0,0.0,7.0,7.0,9.0,5.0,7.0,5.0,3.0,5.0,8.0,5.0,5.0,,4.0,5.0,6.0,5.0,5.0,7.0,,8.0,7.0,7.0,4.0,5.0,,7.0,5.0,6.0,4.0,,,10.0,4.0,5.0,2.0,7.0,,4.0,4.0,4.0,4.0,6.0,3.0,3.0,4.0,6.0,6.0,6.0,7.0,8.0,6.0,5.0,,,,1.0,8.0,4.0,6.0,7.0,5.0,10.0,4.0,4.0,2.0,6.0,5.0,5.0,,,5.0,8.0,,6.0,4.0,8.0,6.0,7.0,4.0
Liechtenstein,3.0,8.0,6.0,4.0,6.0,10.0,,1.0,5.0,4.0,7.0,3.0,7.0,4.0,10.0,7.0,9.0,,,6.0,12.0,4.0,,,9.0,8.0,9.0,1.0,7.0,,8.0,5.0,,,,2.0,2.0,9.0,3.0,,5.0,,5.0,7.0,5.0,8.0,3.0,8.0,5.0,2.0,9.0,,5.0,,8.0,4.0,8.0,7.0,9.0,5.0,,8.0,,,3.0,,2.0,9.0,,7.0,6.0,6.0,6.0,2.0,7.0,9.0,6.0,7.0,5.0,6.0,4.0,7.0,5.0,6.0,7.0,0.0,8.0,13.0,4.0,3.0,5.0,6.0,4.0,3.0,4.0,4.0,,4.0,6.0,6.0,5.0,6.0,11.0,,8.0,11.0,11.0,6.0,7.0,,3.0,5.0,6.0,8.0,,,10.0,6.0,3.0,8.0,4.0,,8.0,3.0,3.0,4.0,10.0,7.0,7.0,8.0,6.0,2.0,2.0,8.0,3.0,7.0,9.0,,,,6.0,12.0,7.0,8.0,7.0,6.0,10.0,6.0,6.0,5.0,10.0,3.0,9.0,,,6.0,3.0,,6.0,8.0,12.0,10.0,11.0,3.0
Liberia,6.0,9.0,10.0,10.0,9.0,7.0,,8.0,9.0,10.0,12.0,7.0,2.0,9.0,7.0,3.0,14.0,,,11.0,9.0,9.0,,,6.0,5.0,6.0,7.0,1.0,,5.0,10.0,,,,8.0,7.0,7.0,8.0,,3.0,,10.0,5.0,4.0,6.0,5.0,6.0,10.0,6.0,6.0,,9.0,,2.0,6.0,3.0,1.0,6.0,9.0,,2.0,,,9.0,,9.0,14.0,,6.0,11.0,8.0,9.0,7.0,7.0,7.0,11.0,12.0,10.0,11.0,11.0,9.0,10.0,11.0,7.0,8.0,0.0,10.0,9.0,7.0,10.0,4.0,4.0,7.0,10.0,10.0,,10.0,2.0,11.0,10.0,3.0,8.0,,13.0,8.0,8.0,3.0,4.0,,8.0,10.0,11.0,9.0,,,15.0,10.0,8.0,6.0,6.0,,9.0,10.0,10.0,9.0,7.0,8.0,5.0,6.0,11.0,8.0,9.0,1.0,8.0,2.0,7.0,,,,7.0,9.0,4.0,3.0,12.0,11.0,15.0,10.0,4.0,8.0,7.0,9.0,7.0,,,11.0,8.0,,11.0,9.0,9.0,7.0,8.0,10.0
Lesotho,11.0,11.0,12.0,12.0,11.0,3.0,,13.0,11.0,13.0,14.0,12.0,8.0,11.0,4.0,7.0,17.0,,,14.0,2.0,13.0,,,4.0,5.0,4.0,12.0,9.0,,5.0,13.0,,,,13.0,12.0,6.0,13.0,,8.0,,13.0,7.0,9.0,6.0,10.0,5.0,13.0,11.0,5.0,,11.0,,9.0,11.0,10.0,9.0,6.0,11.0,,10.0,,,13.0,,13.0,17.0,,8.0,13.0,10.0,11.0,12.0,9.0,4.0,14.0,15.0,13.0,14.0,13.0,11.0,13.0,14.0,9.0,13.0,10.0,0.0,13.0,12.0,13.0,7.0,9.0,12.0,13.0,13.0,,12.0,8.0,14.0,13.0,9.0,3.0,,16.0,2.0,2.0,7.0,6.0,,13.0,13.0,14.0,11.0,,,18.0,12.0,13.0,8.0,11.0,,11.0,12.0,12.0,12.0,4.0,10.0,6.0,5.0,14.0,13.0,14.0,10.0,13.0,9.0,5.0,,,,9.0,2.0,6.0,8.0,15.0,13.0,18.0,12.0,8.0,10.0,3.0,13.0,4.0,,,13.0,13.0,,14.0,11.0,1.0,3.0,2.0,12.0
Lithuania,4.0,6.0,3.0,5.0,3.0,10.0,,3.0,2.0,5.0,4.0,3.0,8.0,4.0,10.0,8.0,6.0,,,3.0,12.0,1.0,,,9.0,8.0,9.0,3.0,8.0,,9.0,2.0,,,,2.0,2.0,9.0,3.0,,6.0,,2.0,6.0,6.0,8.0,4.0,8.0,2.0,3.0,10.0,,2.0,,9.0,5.0,9.0,8.0,10.0,4.0,,9.0,,,4.0,,3.0,6.0,,5.0,3.0,4.0,3.0,4.0,5.0,9.0,3.0,4.0,2.0,3.0,5.0,5.0,2.0,3.0,5.0,4.0,9.0,13.0,0.0,3.0,1.0,7.0,5.0,4.0,3.0,5.0,,5.0,7.0,3.0,2.0,7.0,11.0,,5.0,11.0,11.0,7.0,8.0,,3.0,2.0,3.0,6.0,,,7.0,3.0,1.0,6.0,5.0,,6.0,3.0,4.0,1.0,10.0,5.0,7.0,8.0,3.0,4.0,2.0,9.0,5.0,8.0,9.0,,,,4.0,12.0,8.0,9.0,4.0,3.0,7.0,3.0,7.0,3.0,10.0,2.0,9.0,,,3.0,5.0,,3.0,6.0,12.0,10.0,11.0,4.0
Luxembourg,2.0,8.0,5.0,5.0,5.0,9.0,,2.0,4.0,5.0,6.0,1.0,6.0,5.0,9.0,6.0,8.0,,,5.0,11.0,3.0,,,8.0,7.0,8.0,2.0,6.0,,7.0,4.0,,,,2.0,1.0,8.0,2.0,,4.0,,4.0,6.0,4.0,7.0,2.0,7.0,4.0,1.0,8.0,,4.0,,7.0,3.0,7.0,6.0,8.0,6.0,,7.0,,,4.0,,3.0,8.0,,7.0,5.0,6.0,5.0,2.0,7.0,8.0,5.0,6.0,4.0,5.0,5.0,7.0,4.0,5.0,7.0,3.0,7.0,12.0,3.0,0.0,4.0,5.0,3.0,2.0,4.0,5.0,,5.0,5.0,5.0,4.0,5.0,10.0,,7.0,10.0,10.0,5.0,6.0,,2.0,4.0,5.0,8.0,,,9.0,5.0,2.0,7.0,3.0,,8.0,4.0,4.0,3.0,9.0,7.0,6.0,7.0,5.0,3.0,3.0,7.0,3.0,6.0,8.0,,,,6.0,11.0,6.0,7.0,6.0,5.0,9.0,5.0,5.0,5.0,9.0,3.0,8.0,,,5.0,3.0,,5.0,8.0,11.0,9.0,10.0,4.0
Latvia,5.0,6.0,3.0,5.0,3.0,10.0,,4.0,2.0,5.0,4.0,4.0,9.0,4.0,10.0,9.0,6.0,,,3.0,12.0,1.0,,,9.0,8.0,9.0,4.0,9.0,,9.0,2.0,,,,3.0,3.0,9.0,4.0,,7.0,,1.0,6.0,7.0,8.0,5.0,8.0,2.0,4.0,10.0,,2.0,,10.0,6.0,10.0,9.0,10.0,4.0,,10.0,,,4.0,,3.0,6.0,,5.0,3.0,4.0,3.0,5.0,5.0,9.0,3.0,4.0,2.0,3.0,5.0,5.0,2.0,3.0,5.0,5.0,10.0,13.0,1.0,4.0,0.0,7.0,6.0,5.0,3.0,5.0,,5.0,8.0,3.0,2.0,8.0,11.0,,5.0,11.0,11.0,8.0,9.0,,4.0,2.0,3.0,6.0,,,7.0,3.0,2.0,6.0,6.0,,6.0,3.0,4.0,1.0,10.0,5.0,7.0,8.0,3.0,4.0,3.0,10.0,6.0,9.0,9.0,,,,4.0,12.0,8.0,10.0,4.0,3.0,7.0,3.0,8.0,3.0,10.0,2.0,9.0,,,3.0,6.0,,3.0,6.0,12.0,10.0,11.0,4.0
Libya,4.0,5.0,6.0,6.0,5.0,4.0,,6.0,5.0,7.0,8.0,5.0,2.0,5.0,4.0,2.0,11.0,,,8.0,6.0,7.0,,,3.0,2.0,3.0,5.0,3.0,,2.0,7.0,,,,6.0,5.0,3.0,6.0,,1.0,,7.0,1.0,2.0,2.0,3.0,2.0,7.0,4.0,3.0,,5.0,,3.0,4.0,4.0,3.0,3.0,5.0,,4.0,,,7.0,,7.0,11.0,,2.0,7.0,4.0,5.0,5.0,3.0,3.0,8.0,9.0,7.0,8.0,7.0,5.0,7.0,8.0,3.0,6.0,4.0,7.0,7.0,5.0,7.0,0.0,2.0,5.0,7.0,7.0,,6.0,2.0,8.0,7.0,2.0,5.0,,10.0,5.0,5.0,1.0,2.0,,6.0,7.0,8.0,5.0,,,12.0,6.0,6.0,2.0,4.0,,5.0,6.0,6.0,6.0,4.0,4.0,1.0,2.0,8.0,6.0,7.0,4.0,6.0,3.0,3.0,,,,3.0,6.0,1.0,3.0,9.0,7.0,12.0,6.0,1.0,4.0,4.0,7.0,3.0,,,7.0,6.0,,8.0,5.0,6.0,4.0,5.0,6.0
Morocco,2.0,7.0,7.0,7.0,7.0,6.0,,4.0,6.0,6.0,8.0,3.0,3.0,7.0,6.0,3.0,10.0,,,7.0,8.0,5.0,,,5.0,4.0,5.0,3.0,3.0,,4.0,6.0,,,,4.0,3.0,5.0,4.0,,1.0,,6.0,3.0,1.0,4.0,1.0,4.0,6.0,2.0,5.0,,6.0,,4.0,2.0,4.0,3.0,5.0,7.0,,4.0,,,5.0,,5.0,10.0,,4.0,7.0,6.0,7.0,3.0,5.0,5.0,7.0,8.0,6.0,7.0,7.0,7.0,6.0,7.0,5.0,4.0,4.0,9.0,5.0,3.0,6.0,2.0,0.0,3.0,6.0,6.0,,7.0,2.0,7.0,6.0,2.0,7.0,,9.0,7.0,7.0,2.0,3.0,,4.0,6.0,7.0,7.0,,,11.0,7.0,4.0,4.0,2.0,,7.0,6.0,6.0,5.0,6.0,6.0,3.0,4.0,7.0,4.0,5.0,4.0,4.0,3.0,5.0,,,,5.0,8.0,3.0,4.0,8.0,7.0,11.0,7.0,2.0,6.0,6.0,5.0,5.0,,,7.0,4.0,,7.0,7.0,8.0,6.0,7.0,6.0
Monaco,2.0,9.0,6.0,6.0,6.0,9.0,,3.0,5.0,5.0,7.0,2.0,6.0,6.0,9.0,6.0,9.0,,,6.0,11.0,4.0,,,8.0,7.0,8.0,2.0,6.0,,7.0,5.0,,,,3.0,2.0,8.0,3.0,,4.0,,5.0,6.0,4.0,7.0,2.0,7.0,5.0,1.0,8.0,,5.0,,7.0,3.0,7.0,6.0,8.0,7.0,,7.0,,,4.0,,4.0,9.0,,7.0,6.0,7.0,6.0,2.0,8.0,8.0,6.0,7.0,5.0,6.0,6.0,8.0,5.0,6.0,8.0,3.0,7.0,12.0,4.0,2.0,5.0,5.0,3.0,0.0,5.0,5.0,,6.0,5.0,6.0,5.0,5.0,10.0,,8.0,10.0,10.0,5.0,6.0,,3.0,5.0,6.0,9.0,,,10.0,6.0,3.0,7.0,3.0,,9.0,5.0,5.0,4.0,9.0,8.0,6.0,7.0,6.0,3.0,4.0,7.0,3.0,6.0,8.0,,,,7.0,11.0,6.0,7.0,7.0,6.0,10.0,6.0,5.0,6.0,9.0,4.0,8.0,,,6.0,3.0,,6.0,9.0,11.0,9.0,10.0,5.0
Moldova,5.0,6.0,4.0,3.0,4.0,10.0,,3.0,3.0,3.0,5.0,4.0,9.0,2.0,10.0,9.0,7.0,,,4.0,12.0,2.0,,,9.0,8.0,9.0,4.0,9.0,,9.0,3.0,,,,3.0,3.0,9.0,4.0,,7.0,,3.0,6.0,7.0,8.0,5.0,8.0,3.0,4.0,10.0,,3.0,,10.0,6.0,10.0,9.0,10.0,3.0,,10.0,,,3.0,,2.0,7.0,,5.0,4.0,4.0,4.0,4.0,5.0,9.0,4.0,5.0,3.0,4.0,3.0,5.0,3.0,4.0,5.0,4.0,10.0,13.0,3.0,4.0,3.0,7.0,6.0,5.0,0.0,3.0,,3.0,8.0,4.0,3.0,8.0,11.0,,6.0,11.0,11.0,8.0,9.0,,4.0,3.0,4.0,6.0,,,8.0,4.0,2.0,6.0,6.0,,6.0,1.0,2.0,2.0,10.0,5.0,7.0,8.0,4.0,3.0,2.0,10.0,5.0,9.0,9.0,,,,4.0,12.0,8.0,10.0,5.0,4.0,8.0,4.0,8.0,3.0,10.0,1.0,9.0,,,4.0,5.0,,4.0,6.0,12.0,10.0,11.0,2.0
Montenegro,5.0,6.0,5.0,1.0,4.0,10.0,,3.0,4.0,1.0,7.0,5.0,9.0,2.0,10.0,9.0,9.0,,,6.0,12.0,4.0,,,9.0,8.0,9.0,4.0,9.0,,9.0,5.0,,,,4.0,4.0,9.0,5.0,,7.0,,5.0,6.0,7.0,8.0,5.0,8.0,5.0,4.0,10.0,,4.0,,10.0,6.0,10.0,9.0,10.0,2.0,,10.0,,,1.0,,2.0,9.0,,5.0,6.0,4.0,4.0,3.0,5.0,9.0,6.0,7.0,5.0,6.0,1.0,5.0,5.0,6.0,5.0,4.0,10.0,13.0,5.0,5.0,5.0,7.0,6.0,5.0,3.0,0.0,,2.0,8.0,6.0,5.0,8.0,11.0,,8.0,11.0,11.0,8.0,9.0,,5.0,5.0,6.0,6.0,,,10.0,5.0,4.0,6.0,6.0,,6.0,2.0,1.0,4.0,10.0,5.0,7.0,8.0,6.0,2.0,3.0,10.0,4.0,9.0,9.0,,,,4.0,12.0,8.0,10.0,7.0,6.0,10.0,5.0,8.0,3.0,10.0,3.0,9.0,,,6.0,4.0,,6.0,6.0,12.0,10.0,11.0,2.0
Saint Martin,,,,,,,,,,,,,,,,,,,,,,,,,,,,,,,,,,,,,,,,,,,,,,,,,,,,,,,,,,,,,,,,,,,,,,,,,,,,,,,,,,,,,,,,,,,,,,,,,0.0,,,,,,,,,,,,,,,,,,,,,,,,,,,,,,,,,,,,,,,,,,,1.0,,,,,,,,,,,,,,,,,,,,,,,,
North Macedonia,6.0,5.0,4.0,1.0,3.0,9.0,,3.0,3.0,2.0,6.0,5.0,8.0,1.0,9.0,8.0,9.0,,,6.0,11.0,4.0,,,8.0,7.0,8.0,4.0,9.0,,8.0,5.0,,,,4.0,4.0,8.0,5.0,,7.0,,5.0,5.0,8.0,7.0,6.0,7.0,5.0,5.0,9.0,,3.0,,9.0,7.0,10.0,9.0,9.0,1.0,,10.0,,,2.0,,2.0,9.0,,4.0,5.0,3.0,3.0,4.0,4.0,8.0,6.0,7.0,5.0,6.0,1.0,4.0,5.0,6.0,4.0,4.0,10.0,12.0,5.0,5.0,5.0,6.0,7.0,6.0,3.0,2.0,,0.0,8.0,6.0,5.0,8.0,10.0,,8.0,10.0,10.0,7.0,8.0,,5.0,5.0,6.0,5.0,,,10.0,4.0,4.0,5.0,7.0,,5.0,2.0,1.0,4.0,9.0,4.0,6.0,7.0,6.0,3.0,3.0,10.0,5.0,9.0,8.0,,,,3.0,11.0,7.0,9.0,7.0,5.0,10.0,4.0,7.0,2.0,9.0,3.0,8.0,,,5.0,5.0,,6.0,5.0,11.0,9.0,10.0,1.0
Mali,4.0,7.0,8.0,8.0,7.0,5.0,,6.0,7.0,8.0,10.0,5.0,1.0,7.0,5.0,2.0,12.0,,,9.0,7.0,7.0,,,4.0,3.0,4.0,5.0,1.0,,3.0,8.0,,,,6.0,5.0,5.0,6.0,,1.0,,8.0,3.0,2.0,4.0,3.0,4.0,8.0,4.0,4.0,,7.0,,2.0,4.0,2.0,1.0,4.0,7.0,,2.0,,,7.0,,7.0,12.0,,4.0,9.0,6.0,7.0,5.0,5.0,5.0,9.0,10.0,8.0,9.0,9.0,7.0,8.0,9.0,5.0,6.0,2.0,8.0,7.0,5.0,8.0,2.0,2.0,5.0,8.0,8.0,,8.0,0.0,9.0,8.0,1.0,6.0,,11.0,6.0,6.0,1.0,2.0,,6.0,8.0,9.0,7.0,,,13.0,8.0,6.0,4.0,4.0,,7.0,8.0,8.0,7.0,5.0,6.0,3.0,4.0,9.0,6.0,7.0,2.0,6.0,1.0,5.0,,,,5.0,7.0,2.0,2.0,10.0,9.0,13.0,8.0,2.0,6.0,5.0,7.0,5.0,,,9.0,6.0,,9.0,7.0,7.0,5.0,6.0,8.0
Myanmar,6.0,6.0,2.0,6.0,4.0,11.0,,5.0,3.0,6.0,1.0,5.0,10.0,5.0,11.0,10.0,3.0,,,2.0,13.0,3.0,,,10.0,9.0,10.0,5.0,10.0,,10.0,1.0,,,,4.0,4.0,10.0,5.0,,8.0,,3.0,7.0,8.0,9.0,6.0,9.0,3.0,5.0,11.0,,3.0,,11.0,7.0,11.0,10.0,11.0,5.0,,11.0,,,5.0,,4.0,3.0,,6.0,1.0,4.0,3.0,6.0,5.0,10.0,2.0,2.0,2.0,3.0,6.0,5.0,2.0,1.0,6.0,6.0,11.0,14.0,3.0,5.0,3.0,8.0,7.0,6.0,4.0,6.0,,6.0,9.0,0.0,2.0,9.0,12.0,,2.0,12.0,12.0,9.0,10.0,,5.0,3.0,2.0,6.0,,,4.0,2.0,3.0,6.0,7.0,,6.0,4.0,5.0,2.0,11.0,5.0,8.0,9.0,4.0,5.0,4.0,11.0,7.0,10.0,10.0,,,,5.0,13.0,9.0,11.0,1.0,2.0,4.0,3.0,9.0,4.0,11.0,3.0,10.0,,,3.0,7.0,,2.0,6.0,13.0,11.0,12.0,5.0
Mongolia,5.0,6.0,2.0,5.0,3.0,10.0,,4.0,2.0,5.0,3.0,4.0,9.0,4.0,10.0,9.0,5.0,,,2.0,12.0,2.0,,,9.0,8.0,9.0,4.0,9.0,,9.0,1.0,,,,3.0,3.0,9.0,4.0,,7.0,,2.0,6.0,7.0,8.0,5.0,8.0,2.0,4.0,10.0,,2.0,,10.0,6.0,10.0,9.0,10.0,4.0,,10.0,,,4.0,,3.0,5.0,,5.0,2.0,4.0,3.0,5.0,5.0,9.0,2.0,3.0,2.0,3.0,5.0,5.0,2.0,2.0,5.0,5.0,10.0,13.0,2.0,4.0,2.0,7.0,6.0,5.0,3.0,5.0,,5.0,8.0,2.0,0.0,8.0,11.0,,4.0,11.0,11.0,8.0,9.0,,4.0,2.0,2.0,6.0,,,6.0,2.0,2.0,6.0,6.0,,6.0,3.0,4.0,1.0,10.0,5.0,7.0,8.0,3.0,4.0,3.0,10.0,6.0,9.0,9.0,,,,4.0,12.0,8.0,10.0,3.0,2.0,6.0,3.0,8.0,3.0,10.0,2.0,9.0,,,3.0,6.0,,2.0,6.0,12.0,10.0,11.0,4.0
Mauritania,4.0,7.0,8.0,8.0,7.0,6.0,,6.0,7.0,8.0,10.0,5.0,2.0,7.0,6.0,3.0,12.0,,,9.0,8.0,7.0,,,5.0,4.0,5.0,5.0,2.0,,4.0,8.0,,,,6.0,5.0,5.0,6.0,,1.0,,8.0,3.0,1.0,4.0,3.0,4.0,8.0,4.0,5.0,,7.0,,3.0,4.0,2.0,2.0,5.0,7.0,,2.0,,,7.0,,7.0,12.0,,4.0,9.0,6.0,7.0,5.0,5.0,5.0,9.0,10.0,8.0,9.0,9.0,7.0,8.0,9.0,5.0,6.0,3.0,9.0,7.0,5.0,8.0,2.0,2.0,5.0,8.0,8.0,,8.0,1.0,9.0,8.0,0.0,7.0,,11.0,7.0,7.0,2.0,3.0,,6.0,8.0,9.0,7.0,,,13.0,8.0,6.0,4.0,4.0,,7.0,8.0,8.0,7.0,6.0,6.0,3.0,4.0,9.0,6.0,7.0,3.0,6.0,1.0,5.0,,,,5.0,8.0,3.0,3.0,10.0,9.0,13.0,8.0,2.0,6.0,6.0,7.0,5.0,,,9.0,6.0,,9.0,7.0,8.0,6.0,7.0,8.0
Malawi,9.0,9.0,10.0,10.0,9.0,2.0,,11.0,9.0,11.0,12.0,10.0,6.0,9.0,2.0,6.0,15.0,,,12.0,3.0,11.0,,,2.0,3.0,3.0,10.0,7.0,,4.0,11.0,,,,11.0,10.0,4.0,11.0,,6.0,,11.0,5.0,7.0,4.0,8.0,3.0,11.0,9.0,4.0,,9.0,,7.0,9.0,8.0,7.0,5.0,9.0,,8.0,,,11.0,,11.0,15.0,,6.0,11.0,8.0,9.0,10.0,7.0,2.0,12.0,13.0,11.0,12.0,11.0,9.0,11.0,12.0,7.0,11.0,8.0,3.0,11.0,10.0,11.0,5.0,7.0,10.0,11.0,11.0,,10.0,6.0,12.0,11.0,7.0,0.0,,14.0,1.0,2.0,5.0,5.0,,11.0,11.0,12.0,9.0,,,16.0,10.0,11.0,6.0,9.0,,9.0,10.0,10.0,10.0,2.0,8.0,4.0,3.0,12.0,11.0,12.0,8.0,11.0,7.0,3.0,,,,7.0,2.0,4.0,7.0,13.0,11.0,16.0,10.0,6.0,8.0,1.0,11.0,2.0,,,11.0,11.0,,12.0,9.0,2.0,1.0,2.0,10.0
Mexico,,,,,,,8.0,,,,,,,,,,,8.0,7.0,,,,1.0,2.0,,,,,,8.0,,,6.0,4.0,2.0,,,,,,,7.0,,,,,,,,,,,,8.0,,,,,,,1.0,,8.0,2.0,,,,,,,,,,,,,,,,,,,,,,,,,,,,,,,,,,,,,,,,0.0,,,,,,3.0,,,,,5.0,7.0,,,,,,8.0,,,,,,,,,,,,,,,,8.0,2.0,,,,,,,,,,,,,,,1.0,8.0,,,7.0,,,,,,
Malaysia,8.0,8.0,4.0,8.0,6.0,13.0,,7.0,5.0,8.0,3.0,7.0,12.0,7.0,13.0,12.0,1.0,,,4.0,15.0,5.0,,,12.0,11.0,12.0,7.0,12.0,,12.0,3.0,,,,6.0,6.0,12.0,7.0,,10.0,,5.0,9.0,10.0,11.0,8.0,11.0,5.0,7.0,13.0,,5.0,,13.0,9.0,13.0,12.0,13.0,7.0,,13.0,,,7.0,,6.0,1.0,,8.0,3.0,6.0,5.0,8.0,7.0,12.0,4.0,2.0,4.0,5.0,8.0,7.0,4.0,2.0,8.0,8.0,13.0,16.0,5.0,7.0,5.0,10.0,9.0,8.0,6.0,8.0,,8.0,11.0,2.0,4.0,11.0,14.0,,0.0,14.0,14.0,11.0,12.0,,7.0,5.0,4.0,8.0,,,2.0,4.0,5.0,8.0,9.0,,8.0,6.0,7.0,4.0,13.0,7.0,10.0,11.0,6.0,7.0,6.0,13.0,9.0,12.0,12.0,,,,7.0,15.0,11.0,13.0,1.0,4.0,2.0,5.0,11.0,6.0,13.0,5.0,12.0,,,5.0,9.0,,3.0,8.0,15.0,13.0,14.0,7.0
Mozambique,9.0,9.0,10.0,10.0,9.0,2.0,,11.0,9.0,11.0,12.0,10.0,6.0,9.0,2.0,6.0,15.0,,,12.0,2.0,11.0,,,2.0,3.0,3.0,10.0,7.0,,4.0,11.0,,,,11.0,10.0,4.0,11.0,,6.0,,11.0,5.0,7.0,4.0,8.0,3.0,11.0,9.0,4.0,,9.0,,7.0,9.0,8.0,7.0,5.0,9.0,,8.0,,,11.0,,11.0,15.0,,6.0,11.0,8.0,9.0,10.0,7.0,2.0,12.0,13.0,11.0,12.0,11.0,9.0,11.0,12.0,7.0,11.0,8.0,2.0,11.0,10.0,11.0,5.0,7.0,10.0,11.0,11.0,,10.0,6.0,12.0,11.0,7.0,1.0,,14.0,0.0,2.0,5.0,5.0,,11.0,11.0,12.0,9.0,,,16.0,10.0,11.0,6.0,9.0,,9.0,10.0,10.0,10.0,2.0,8.0,4.0,3.0,12.0,11.0,12.0,8.0,11.0,7.0,3.0,,,,7.0,1.0,4.0,7.0,13.0,11.0,16.0,10.0,6.0,8.0,1.0,11.0,2.0,,,11.0,11.0,,12.0,9.0,1.0,1.0,1.0,10.0
Namibia,9.0,9.0,10.0,10.0,9.0,1.0,,11.0,9.0,11.0,12.0,10.0,6.0,9.0,3.0,5.0,15.0,,,12.0,1.0,11.0,,,2.0,3.0,2.0,10.0,7.0,,3.0,11.0,,,,11.0,10.0,5.0,11.0,,6.0,,11.0,5.0,7.0,5.0,8.0,4.0,11.0,9.0,3.0,,9.0,,7.0,9.0,8.0,7.0,4.0,9.0,,8.0,,,11.0,,11.0,15.0,,6.0,11.0,8.0,9.0,10.0,7.0,3.0,12.0,13.0,11.0,12.0,11.0,9.0,11.0,12.0,7.0,11.0,8.0,2.0,11.0,10.0,11.0,5.0,7.0,10.0,11.0,11.0,,10.0,6.0,12.0,11.0,7.0,2.0,,14.0,2.0,0.0,5.0,4.0,,11.0,11.0,12.0,9.0,,,16.0,10.0,11.0,6.0,9.0,,9.0,10.0,10.0,10.0,3.0,8.0,4.0,3.0,12.0,11.0,12.0,8.0,11.0,7.0,4.0,,,,7.0,2.0,4.0,6.0,13.0,11.0,16.0,10.0,6.0,8.0,2.0,11.0,3.0,,,11.0,11.0,,12.0,9.0,1.0,1.0,2.0,10.0
Niger,4.0,6.0,7.0,7.0,6.0,4.0,,6.0,6.0,8.0,9.0,5.0,1.0,6.0,4.0,1.0,12.0,,,9.0,6.0,7.0,,,3.0,2.0,3.0,5.0,2.0,,2.0,8.0,,,,6.0,5.0,4.0,6.0,,1.0,,8.0,2.0,2.0,3.0,3.0,3.0,8.0,4.0,3.0,,6.0,,2.0,4.0,3.0,2.0,3.0,6.0,,3.0,,,7.0,,7.0,12.0,,3.0,8.0,5.0,6.0,5.0,4.0,4.0,9.0,10.0,8.0,9.0,8.0,6.0,8.0,9.0,4.0,6.0,3.0,7.0,7.0,5.0,8.0,1.0,2.0,5.0,8.0,8.0,,7.0,1.0,9.0,8.0,2.0,5.0,,11.0,5.0,5.0,0.0,1.0,,6.0,8.0,9.0,6.0,,,13.0,7.0,6.0,3.0,4.0,,6.0,7.0,7.0,7.0,4.0,5.0,2.0,3.0,9.0,6.0,7.0,3.0,6.0,2.0,4.0,,,,4.0,6.0,1.0,2.0,10.0,8.0,13.0,7.0,2.0,5.0,4.0,7.0,4.0,,,8.0,6.0,,9.0,6.0,6.0,4.0,5.0,7.0
Nigeria,5.0,7.0,8.0,8.0,7.0,3.0,,7.0,7.0,9.0,10.0,6.0,2.0,7.0,4.0,1.0,13.0,,,10.0,5.0,8.0,,,3.0,2.0,2.0,6.0,3.0,,1.0,9.0,,,,7.0,6.0,4.0,7.0,,2.0,,9.0,3.0,3.0,3.0,4.0,3.0,9.0,5.0,2.0,,7.0,,3.0,5.0,4.0,3.0,2.0,7.0,,4.0,,,8.0,,8.0,13.0,,4.0,9.0,6.0,7.0,6.0,5.0,4.0,10.0,11.0,9.0,10.0,9.0,7.0,9.0,10.0,5.0,7.0,4.0,6.0,8.0,6.0,9.0,2.0,3.0,6.0,9.0,9.0,,8.0,2.0,10.0,9.0,3.0,5.0,,12.0,5.0,4.0,1.0,0.0,,7.0,9.0,10.0,7.0,,,14.0,8.0,7.0,4.0,5.0,,7.0,8.0,8.0,8.0,4.0,6.0,2.0,3.0,10.0,7.0,8.0,4.0,7.0,3.0,4.0,,,,5.0,6.0,1.0,2.0,11.0,9.0,14.0,8.0,3.0,6.0,4.0,8.0,4.0,,,9.0,7.0,,10.0,7.0,5.0,4.0,5.0,8.0
Nicaragua,,,,,,,5.0,,,,,,,,,,,5.0,4.0,,,,3.0,5.0,,,,,,5.0,,,3.0,1.0,5.0,,,,,,,4.0,,,,,,,,,,,,5.0,,,,,,,2.0,,5.0,1.0,,,,,,,,,,,,,,,,,,,,,,,,,,,,,,,,,,,,,,,,3.0,,,,,,0.0,,,,,2.0,4.0,,,,,,5.0,,,,,,,,,,,,,,,,5.0,2.0,,,,,,,,,,,,,,,4.0,5.0,,,4.0,,,,,,
Netherlands,3.0,8.0,5.0,5.0,5.0,10.0,,2.0,4.0,5.0,6.0,1.0,7.0,5.0,10.0,7.0,8.0,,,5.0,12.0,3.0,,,9.0,8.0,9.0,2.0,7.0,,8.0,4.0,,,,2.0,1.0,9.0,2.0,,5.0,,4.0,7.0,5.0,8.0,3.0,8.0,4.0,2.0,9.0,,4.0,,8.0,4.0,8.0,7.0,9.0,6.0,,8.0,,,4.0,,3.0,8.0,,7.0,5.0,6.0,5.0,3.0,7.0,9.0,5.0,6.0,4.0,5.0,5.0,7.0,4.0,5.0,7.0,3.0,8.0,13.0,3.0,2.0,4.0,6.0,4.0,3.0,4.0,5.0,,5.0,6.0,5.0,4.0,6.0,11.0,,7.0,11.0,11.0,6.0,7.0,,0.0,4.0,5.0,8.0,,,9.0,5.0,2.0,8.0,4.0,,8.0,4.0,4.0,3.0,10.0,7.0,7.0,8.0,5.0,3.0,3.0,8.0,4.0,7.0,9.0,,,,6.0,12.0,7.0,8.0,6.0,5.0,9.0,5.0,6.0,5.0,10.0,3.0,9.0,,,5.0,4.0,,5.0,8.0,12.0,10.0,11.0,4.0
Norway,5.0,6.0,3.0,5.0,3.0,10.0,,4.0,2.0,5.0,4.0,4.0,9.0,4.0,10.0,9.0,6.0,,,3.0,12.0,2.0,,,9.0,8.0,9.0,4.0,9.0,,9.0,2.0,,,,3.0,3.0,9.0,4.0,,7.0,,2.0,6.0,7.0,8.0,5.0,8.0,1.0,4.0,10.0,,2.0,,10.0,6.0,10.0,9.0,10.0,4.0,,10.0,,,4.0,,3.0,6.0,,5.0,3.0,4.0,3.0,5.0,5.0,9.0,3.0,4.0,2.0,3.0,5.0,5.0,2.0,3.0,5.0,5.0,10.0,13.0,2.0,4.0,2.0,7.0,6.0,5.0,3.0,5.0,,5.0,8.0,3.0,2.0,8.0,11.0,,5.0,11.0,11.0,8.0,9.0,,4.0,0.0,3.0,6.0,,,7.0,3.0,2.0,6.0,6.0,,6.0,3.0,4.0,1.0,10.0,5.0,7.0,8.0,1.0,4.0,3.0,10.0,6.0,9.0,9.0,,,,4.0,12.0,8.0,10.0,4.0,3.0,7.0,3.0,8.0,3.0,10.0,2.0,9.0,,,3.0,6.0,,3.0,6.0,12.0,10.0,11.0,4.0
Nepal,6.0,6.0,2.0,6.0,4.0,11.0,,5.0,3.0,6.0,2.0,5.0,10.0,5.0,11.0,10.0,5.0,,,2.0,13.0,3.0,,,10.0,9.0,10.0,5.0,10.0,,10.0,1.0,,,,4.0,4.0,10.0,5.0,,8.0,,3.0,7.0,8.0,9.0,6.0,9.0,3.0,5.0,11.0,,3.0,,11.0,7.0,11.0,10.0,11.0,5.0,,11.0,,,5.0,,4.0,5.0,,6.0,1.0,4.0,3.0,6.0,5.0,10.0,2.0,3.0,2.0,3.0,6.0,5.0,2.0,2.0,6.0,6.0,11.0,14.0,3.0,5.0,3.0,8.0,7.0,6.0,4.0,6.0,,6.0,9.0,2.0,2.0,9.0,12.0,,4.0,12.0,12.0,9.0,10.0,,5.0,3.0,0.0,6.0,,,6.0,2.0,3.0,6.0,7.0,,6.0,4.0,5.0,2.0,11.0,5.0,8.0,9.0,4.0,5.0,4.0,11.0,7.0,10.0,10.0,,,,5.0,13.0,9.0,11.0,3.0,2.0,6.0,3.0,9.0,4.0,11.0,3.0,10.0,,,3.0,7.0,,2.0,6.0,13.0,11.0,12.0,5.0
Oman,9.0,1.0,4.0,5.0,4.0,8.0,,7.0,4.0,6.0,6.0,8.0,7.0,4.0,8.0,7.0,9.0,,,6.0,10.0,6.0,,,7.0,6.0,7.0,8.0,8.0,,7.0,5.0,,,,7.0,7.0,7.0,8.0,,6.0,,6.0,4.0,7.0,6.0,8.0,6.0,6.0,8.0,8.0,,4.0,,8.0,9.0,9.0,8.0,8.0,4.0,,9.0,,,6.0,,6.0,9.0,,3.0,5.0,2.0,3.0,8.0,2.0,7.0,6.0,7.0,6.0,7.0,6.0,2.0,5.0,6.0,4.0,8.0,9.0,11.0,6.0,8.0,6.0,5.0,7.0,9.0,6.0,6.0,,5.0,7.0,6.0,6.0,7.0,9.0,,8.0,9.0,9.0,6.0,7.0,,8.0,6.0,6.0,0.0,,,10.0,4.0,6.0,3.0,9.0,,2.0,5.0,5.0,5.0,8.0,1.0,5.0,6.0,7.0,7.0,7.0,9.0,9.0,8.0,7.0,,,,3.0,10.0,6.0,8.0,7.0,5.0,10.0,4.0,6.0,3.0,8.0,6.0,7.0,,,5.0,9.0,,6.0,1.0,10.0,8.0,9.0,5.0
Panama,,,,,,,3.0,,,,,,,,,,,3.0,2.0,,,,5.0,7.0,,,,,,3.0,,,1.0,1.0,7.0,,,,,,,2.0,,,,,,,,,,,,3.0,,,,,,,4.0,,3.0,3.0,,,,,,,,,,,,,,,,,,,,,,,,,,,,,,,,,,,,,,,,5.0,,,,,,2.0,,,,,0.0,2.0,,,,,,3.0,,,,,,,,,,,,,,,,3.0,4.0,,,,,,,,,,,,,,,6.0,3.0,,,2.0,,,,,,
Peru,,,,,,,2.0,,,,,,,,,,,1.0,1.0,,,,7.0,9.0,,,,,,1.0,,,1.0,3.0,9.0,,,,,,,1.0,,,,,,,,,,,,2.0,,,,,,,6.0,,2.0,5.0,,,,,,,,,,,,,,,,,,,,,,,,,,,,,,,,,,,,,,,,7.0,,,,,,4.0,,,,,2.0,0.0,,,,,,2.0,,,,,,,,,,,,,,,,2.0,6.0,,,,,,,,,,,,,,,8.0,2.0,,,2.0,,,,,,
Papua New Guinea,10.0,10.0,6.0,10.0,8.0,15.0,,9.0,7.0,10.0,5.0,9.0,14.0,9.0,15.0,14.0,3.0,,,6.0,17.0,7.0,,,14.0,13.0,14.0,9.0,14.0,,14.0,5.0,,,,8.0,8.0,14.0,9.0,,12.0,,7.0,11.0,12.0,13.0,10.0,13.0,7.0,9.0,15.0,,7.0,,15.0,11.0,15.0,14.0,15.0,9.0,,15.0,,,9.0,,8.0,1.0,,10.0,5.0,8.0,7.0,10.0,9.0,14.0,6.0,4.0,6.0,7.0,10.0,9.0,6.0,4.0,10.0,10.0,15.0,18.0,7.0,9.0,7.0,12.0,11.0,10.0,8.0,10.0,,10.0,13.0,4.0,6.0,13.0,16.0,,2.0,16.0,16.0,13.0,14.0,,9.0,7.0,6.0,10.0,,,0.0,6.0,7.0,10.0,11.0,,10.0,8.0,9.0,6.0,15.0,9.0,12.0,13.0,8.0,9.0,8.0,15.0,11.0,14.0,14.0,,,,9.0,17.0,13.0,15.0,3.0,6.0,2.0,7.0,13.0,8.0,15.0,7.0,14.0,,,7.0,11.0,,5.0,10.0,17.0,15.0,16.0,9.0
Pakistan,6.0,4.0,1.0,4.0,2.0,9.0,,5.0,2.0,5.0,2.0,5.0,8.0,3.0,9.0,8.0,5.0,,,2.0,11.0,3.0,,,8.0,7.0,8.0,5.0,9.0,,8.0,1.0,,,,4.0,4.0,8.0,5.0,,7.0,,3.0,5.0,8.0,7.0,6.0,7.0,3.0,5.0,9.0,,3.0,,9.0,7.0,10.0,9.0,9.0,3.0,,10.0,,,5.0,,4.0,5.0,,4.0,1.0,2.0,1.0,6.0,3.0,8.0,2.0,3.0,2.0,3.0,5.0,3.0,2.0,2.0,4.0,6.0,10.0,12.0,3.0,5.0,3.0,6.0,7.0,6.0,4.0,5.0,,4.0,8.0,2.0,2.0,8.0,10.0,,4.0,10.0,10.0,7.0,8.0,,5.0,3.0,2.0,4.0,,,6.0,0.0,3.0,4.0,7.0,,4.0,4.0,4.0,2.0,9.0,3.0,6.0,7.0,4.0,5.0,4.0,10.0,7.0,9.0,8.0,,,,3.0,11.0,7.0,9.0,3.0,2.0,6.0,2.0,7.0,2.0,9.0,3.0,8.0,,,2.0,7.0,,2.0,4.0,11.0,9.0,10.0,4.0
Poland,3.0,6.0,3.0,4.0,3.0,10.0,,2.0,2.0,4.0,4.0,2.0,7.0,3.0,10.0,7.0,6.0,,,3.0,12.0,1.0,,,9.0,8.0,9.0,2.0,7.0,,8.0,2.0,,,,1.0,1.0,9.0,2.0,,5.0,,2.0,6.0,5.0,8.0,3.0,8.0,2.0,2.0,9.0,,2.0,,8.0,4.0,8.0,7.0,9.0,4.0,,8.0,,,3.0,,2.0,6.0,,5.0,3.0,4.0,3.0,3.0,5.0,9.0,3.0,4.0,2.0,3.0,4.0,5.0,2.0,3.0,5.0,3.0,8.0,13.0,1.0,2.0,2.0,6.0,4.0,3.0,2.0,4.0,,4.0,6.0,3.0,2.0,6.0,11.0,,5.0,11.0,11.0,6.0,7.0,,2.0,2.0,3.0,6.0,,,7.0,3.0,0.0,6.0,4.0,,6.0,2.0,3.0,1.0,10.0,5.0,7.0,8.0,3.0,3.0,1.0,8.0,4.0,7.0,9.0,,,,4.0,12.0,7.0,8.0,4.0,3.0,7.0,3.0,6.0,3.0,10.0,1.0,9.0,,,3.0,4.0,,3.0,6.0,12.0,10.0,11.0,3.0
Palestinian Territory,6.0,3.0,4.0,5.0,4.0,5.0,,7.0,4.0,6.0,6.0,7.0,4.0,4.0,5.0,4.0,9.0,,,6.0,7.0,6.0,,,4.0,3.0,4.0,7.0,5.0,,4.0,5.0,,,,7.0,7.0,4.0,8.0,,3.0,,6.0,1.0,4.0,3.0,5.0,3.0,6.0,6.0,5.0,,4.0,,5.0,6.0,6.0,5.0,5.0,4.0,,6.0,,,6.0,,6.0,9.0,,1.0,5.0,2.0,3.0,7.0,1.0,4.0,6.0,7.0,6.0,7.0,6.0,3.0,5.0,6.0,2.0,8.0,6.0,8.0,6.0,7.0,6.0,2.0,4.0,7.0,6.0,6.0,,5.0,4.0,6.0,6.0,4.0,6.0,,8.0,6.0,6.0,3.0,4.0,,8.0,6.0,6.0,3.0,,,10.0,4.0,6.0,0.0,6.0,,3.0,5.0,5.0,5.0,5.0,2.0,2.0,3.0,7.0,7.0,7.0,6.0,8.0,5.0,4.0,,,,2.0,7.0,3.0,5.0,7.0,5.0,10.0,4.0,3.0,3.0,5.0,6.0,4.0,,,5.0,8.0,,6.0,3.0,7.0,5.0,6.0,5.0
Portugal,2.0,9.0,7.0,7.0,7.0,8.0,,4.0,6.0,6.0,8.0,3.0,5.0,7.0,8.0,5.0,10.0,,,7.0,10.0,5.0,,,7.0,6.0,7.0,3.0,5.0,,6.0,6.0,,,,4.0,3.0,7.0,4.0,,3.0,,6.0,5.0,3.0,6.0,1.0,6.0,6.0,2.0,7.0,,6.0,,6.0,2.0,6.0,5.0,7.0,8.0,,6.0,,,5.0,,5.0,10.0,,6.0,7.0,8.0,7.0,3.0,7.0,7.0,7.0,8.0,6.0,7.0,7.0,9.0,6.0,7.0,7.0,4.0,6.0,11.0,5.0,3.0,6.0,4.0,2.0,3.0,6.0,6.0,,7.0,4.0,7.0,6.0,4.0,9.0,,9.0,9.0,9.0,4.0,5.0,,4.0,6.0,7.0,9.0,,,11.0,7.0,4.0,6.0,0.0,,9.0,6.0,6.0,5.0,8.0,8.0,5.0,6.0,7.0,4.0,5.0,6.0,4.0,5.0,7.0,,,,7.0,10.0,5.0,6.0,8.0,7.0,11.0,7.0,4.0,7.0,8.0,5.0,7.0,,,7.0,4.0,,7.0,9.0,10.0,8.0,9.0,6.0
Paraguay,,,,,,,1.0,,,,,,,,,,,1.0,1.0,,,,8.0,10.0,,,,,,2.0,,,2.0,4.0,10.0,,,,,,,3.0,,,,,,,,,,,,2.0,,,,,,,7.0,,2.0,6.0,,,,,,,,,,,,,,,,,,,,,,,,,,,,,,,,,,,,,,,,8.0,,,,,,5.0,,,,,3.0,2.0,,,,,,0.0,,,,,,,,,,,,,,,,2.0,7.0,,,,,,,,,,,,,,,9.0,2.0,,,2.0,,,,,,
Qatar,9.0,2.0,4.0,5.0,4.0,8.0,,7.0,4.0,6.0,6.0,8.0,7.0,4.0,8.0,7.0,9.0,,,6.0,10.0,6.0,,,7.0,6.0,7.0,8.0,8.0,,7.0,5.0,,,,7.0,7.0,7.0,8.0,,6.0,,6.0,4.0,7.0,6.0,8.0,6.0,6.0,8.0,8.0,,4.0,,8.0,9.0,9.0,8.0,8.0,4.0,,9.0,,,6.0,,6.0,9.0,,3.0,5.0,2.0,3.0,8.0,2.0,7.0,6.0,7.0,6.0,7.0,6.0,2.0,5.0,6.0,4.0,8.0,9.0,11.0,6.0,8.0,6.0,5.0,7.0,9.0,6.0,6.0,,5.0,7.0,6.0,6.0,7.0,9.0,,8.0,9.0,9.0,6.0,7.0,,8.0,6.0,6.0,2.0,,,10.0,4.0,6.0,3.0,9.0,,0.0,5.0,5.0,5.0,8.0,1.0,5.0,6.0,7.0,7.0,7.0,9.0,9.0,8.0,7.0,,,,3.0,10.0,6.0,8.0,7.0,5.0,10.0,4.0,6.0,3.0,8.0,6.0,7.0,,,5.0,9.0,,6.0,2.0,10.0,8.0,9.0,5.0
Romania,5.0,5.0,4.0,2.0,3.0,9.0,,2.0,3.0,2.0,5.0,4.0,8.0,1.0,9.0,8.0,7.0,,,4.0,11.0,2.0,,,8.0,7.0,8.0,3.0,9.0,,8.0,3.0,,,,3.0,3.0,8.0,4.0,,7.0,,3.0,5.0,7.0,7.0,5.0,7.0,3.0,4.0,9.0,,3.0,,9.0,6.0,10.0,9.0,9.0,2.0,,10.0,,,2.0,,1.0,7.0,,4.0,4.0,3.0,3.0,3.0,4.0,8.0,4.0,5.0,3.0,4.0,2.0,4.0,3.0,4.0,4.0,3.0,10.0,12.0,3.0,4.0,3.0,6.0,6.0,5.0,1.0,2.0,,2.0,8.0,4.0,3.0,8.0,10.0,,6.0,10.0,10.0,7.0,8.0,,4.0,3.0,4.0,5.0,,,8.0,4.0,2.0,5.0,6.0,,5.0,0.0,1.0,2.0,9.0,4.0,6.0,7.0,4.0,2.0,2.0,10.0,4.0,9.0,8.0,,,,3.0,11.0,7.0,9.0,5.0,4.0,8.0,4.0,7.0,2.0,9.0,1.0,8.0,,,4.0,4.0,,4.0,5.0,11.0,9.0,10.0,1.0
Serbia,5.0,5.0,4.0,1.0,3.0,9.0,,2.0,3.0,1.0,6.0,4.0,8.0,1.0,9.0,8.0,8.0,,,5.0,11.0,3.0,,,8.0,7.0,8.0,3.0,9.0,,8.0,4.0,,,,3.0,3.0,8.0,4.0,,7.0,,4.0,5.0,7.0,7.0,5.0,7.0,4.0,4.0,9.0,,3.0,,9.0,6.0,10.0,9.0,9.0,2.0,,10.0,,,1.0,,1.0,8.0,,4.0,5.0,3.0,3.0,3.0,4.0,8.0,5.0,6.0,4.0,5.0,1.0,4.0,4.0,5.0,4.0,3.0,10.0,12.0,4.0,4.0,4.0,6.0,6.0,5.0,2.0,1.0,,1.0,8.0,5.0,4.0,8.0,10.0,,7.0,10.0,10.0,7.0,8.0,,4.0,4.0,5.0,5.0,,,9.0,4.0,3.0,5.0,6.0,,5.0,1.0,0.0,3.0,9.0,4.0,6.0,7.0,5.0,2.0,2.0,10.0,4.0,9.0,8.0,,,,3.0,11.0,7.0,9.0,6.0,5.0,9.0,4.0,7.0,2.0,9.0,2.0,8.0,,,5.0,4.0,,5.0,5.0,11.0,9.0,10.0,2.0
Russia,4.0,5.0,2.0,4.0,2.0,9.0,,3.0,1.0,4.0,3.0,3.0,8.0,3.0,9.0,8.0,5.0,,,2.0,11.0,1.0,,,8.0,7.0,8.0,3.0,8.0,,8.0,1.0,,,,2.0,2.0,8.0,3.0,,6.0,,1.0,5.0,6.0,7.0,4.0,7.0,1.0,3.0,9.0,,1.0,,9.0,5.0,9.0,8.0,9.0,3.0,,9.0,,,3.0,,2.0,5.0,,4.0,2.0,3.0,2.0,4.0,4.0,8.0,2.0,3.0,1.0,2.0,4.0,4.0,1.0,2.0,4.0,4.0,9.0,12.0,1.0,3.0,1.0,6.0,5.0,4.0,2.0,4.0,,4.0,7.0,2.0,1.0,7.0,10.0,,4.0,10.0,10.0,7.0,8.0,,3.0,1.0,2.0,5.0,,,6.0,2.0,1.0,5.0,5.0,,5.0,2.0,3.0,0.0,9.0,4.0,6.0,7.0,2.0,3.0,2.0,9.0,5.0,8.0,8.0,,,,3.0,11.0,7.0,9.0,3.0,2.0,6.0,2.0,7.0,2.0,9.0,1.0,8.0,,,2.0,5.0,,2.0,5.0,11.0,9.0,10.0,3.0
Rwanda,8.0,8.0,9.0,9.0,8.0,2.0,,10.0,8.0,10.0,11.0,9.0,5.0,8.0,1.0,5.0,14.0,,,11.0,4.0,10.0,,,1.0,2.0,2.0,9.0,6.0,,3.0,10.0,,,,10.0,9.0,4.0,10.0,,5.0,,10.0,4.0,6.0,4.0,7.0,3.0,10.0,8.0,3.0,,8.0,,6.0,8.0,7.0,6.0,4.0,8.0,,7.0,,,10.0,,10.0,14.0,,5.0,10.0,7.0,8.0,9.0,6.0,2.0,11.0,12.0,10.0,11.0,10.0,8.0,10.0,11.0,6.0,10.0,7.0,4.0,10.0,9.0,10.0,4.0,6.0,9.0,10.0,10.0,,9.0,5.0,11.0,10.0,6.0,2.0,,13.0,2.0,3.0,4.0,4.0,,10.0,10.0,11.0,8.0,,,15.0,9.0,10.0,5.0,8.0,,8.0,9.0,9.0,9.0,0.0,7.0,3.0,2.0,11.0,10.0,11.0,7.0,10.0,6.0,3.0,,,,6.0,3.0,3.0,6.0,12.0,10.0,15.0,9.0,5.0,7.0,1.0,10.0,1.0,,,10.0,10.0,,11.0,8.0,3.0,2.0,3.0,9.0
Saudi Arabia,8.0,1.0,3.0,4.0,3.0,7.0,,6.0,3.0,5.0,5.0,7.0,6.0,3.0,7.0,6.0,8.0,,,5.0,9.0,5.0,,,6.0,5.0,6.0,7.0,7.0,,6.0,4.0,,,,6.0,6.0,6.0,7.0,,5.0,,5.0,3.0,6.0,5.0,7.0,5.0,5.0,7.0,7.0,,3.0,,7.0,8.0,8.0,7.0,7.0,3.0,,8.0,,,5.0,,5.0,8.0,,2.0,4.0,1.0,2.0,7.0,1.0,6.0,5.0,6.0,5.0,6.0,5.0,1.0,4.0,5.0,3.0,7.0,8.0,10.0,5.0,7.0,5.0,4.0,6.0,8.0,5.0,5.0,,4.0,6.0,5.0,5.0,6.0,8.0,,7.0,8.0,8.0,5.0,6.0,,7.0,5.0,5.0,1.0,,,9.0,3.0,5.0,2.0,8.0,,1.0,4.0,4.0,4.0,7.0,0.0,4.0,5.0,6.0,6.0,6.0,8.0,8.0,7.0,6.0,,,,2.0,9.0,5.0,7.0,6.0,4.0,9.0,3.0,5.0,2.0,7.0,5.0,6.0,,,4.0,8.0,,5.0,1.0,9.0,7.0,8.0,4.0
Sudan,5.0,5.0,6.0,6.0,5.0,3.0,,7.0,5.0,7.0,8.0,6.0,3.0,5.0,3.0,3.0,11.0,,,8.0,5.0,7.0,,,2.0,1.0,2.0,6.0,4.0,,2.0,7.0,,,,7.0,6.0,2.0,7.0,,2.0,,7.0,1.0,3.0,1.0,4.0,1.0,7.0,5.0,3.0,,5.0,,4.0,5.0,5.0,4.0,3.0,5.0,,5.0,,,7.0,,7.0,11.0,,2.0,7.0,4.0,5.0,6.0,3.0,2.0,8.0,9.0,7.0,8.0,7.0,5.0,7.0,8.0,3.0,7.0,5.0,6.0,7.0,6.0,7.0,1.0,3.0,6.0,7.0,7.0,,6.0,3.0,8.0,7.0,3.0,4.0,,10.0,4.0,4.0,2.0,2.0,,7.0,7.0,8.0,5.0,,,12.0,6.0,7.0,2.0,5.0,,5.0,6.0,6.0,6.0,3.0,4.0,0.0,1.0,8.0,7.0,8.0,5.0,7.0,4.0,2.0,,,,3.0,5.0,1.0,4.0,9.0,7.0,12.0,6.0,2.0,4.0,3.0,7.0,2.0,,,7.0,7.0,,8.0,5.0,5.0,3.0,4.0,6.0
South Sudan,6.0,6.0,7.0,7.0,6.0,2.0,,8.0,6.0,8.0,9.0,7.0,4.0,6.0,2.0,4.0,12.0,,,9.0,4.0,8.0,,,1.0,1.0,2.0,7.0,5.0,,2.0,8.0,,,,8.0,7.0,2.0,8.0,,3.0,,8.0,2.0,4.0,2.0,5.0,1.0,8.0,6.0,3.0,,6.0,,5.0,6.0,6.0,5.0,3.0,6.0,,6.0,,,8.0,,8.0,12.0,,3.0,8.0,5.0,6.0,7.0,4.0,1.0,9.0,10.0,8.0,9.0,8.0,6.0,8.0,9.0,4.0,8.0,6.0,5.0,8.0,7.0,8.0,2.0,4.0,7.0,8.0,8.0,,7.0,4.0,9.0,8.0,4.0,3.0,,11.0,3.0,3.0,3.0,3.0,,8.0,8.0,9.0,6.0,,,13.0,7.0,8.0,3.0,6.0,,6.0,7.0,7.0,7.0,2.0,5.0,1.0,0.0,9.0,8.0,9.0,6.0,8.0,5.0,2.0,,,,4.0,4.0,2.0,5.0,10.0,8.0,13.0,7.0,3.0,5.0,2.0,8.0,1.0,,,8.0,8.0,,9.0,6.0,4.0,2.0,3.0,7.0
Sweden,6.0,7.0,4.0,6.0,4.0,11.0,,5.0,3.0,6.0,5.0,5.0,10.0,5.0,11.0,10.0,7.0,,,4.0,13.0,3.0,,,10.0,9.0,10.0,5.0,10.0,,10.0,3.0,,,,4.0,4.0,10.0,5.0,,8.0,,3.0,7.0,8.0,9.0,6.0,9.0,1.0,5.0,11.0,,3.0,,11.0,7.0,11.0,10.0,11.0,5.0,,11.0,,,5.0,,4.0,7.0,,6.0,4.0,5.0,4.0,6.0,6.0,10.0,4.0,5.0,3.0,4.0,6.0,6.0,3.0,4.0,6.0,6.0,11.0,14.0,3.0,5.0,3.0,8.0,7.0,6.0,4.0,6.0,,6.0,9.0,4.0,3.0,9.0,12.0,,6.0,12.0,12.0,9.0,10.0,,5.0,1.0,4.0,7.0,,,8.0,4.0,3.0,7.0,7.0,,7.0,4.0,5.0,2.0,11.0,6.0,8.0,9.0,0.0,5.0,4.0,11.0,7.0,10.0,10.0,,,,5.0,13.0,9.0,11.0,5.0,4.0,8.0,4.0,9.0,4.0,11.0,3.0,10.0,,,4.0,7.0,,4.0,7.0,13.0,11.0,12.0,5.0
Slovenia,3.0,7.0,5.0,3.0,5.0,10.0,,1.0,4.0,2.0,6.0,3.0,7.0,3.0,10.0,7.0,8.0,,,5.0,12.0,3.0,,,9.0,8.0,9.0,2.0,7.0,,8.0,4.0,,,,2.0,2.0,9.0,3.0,,5.0,,4.0,7.0,5.0,8.0,3.0,8.0,4.0,2.0,9.0,,4.0,,8.0,4.0,8.0,7.0,9.0,4.0,,8.0,,,1.0,,1.0,8.0,,6.0,5.0,5.0,5.0,1.0,6.0,9.0,5.0,6.0,4.0,5.0,3.0,6.0,4.0,5.0,6.0,2.0,8.0,13.0,4.0,3.0,4.0,6.0,4.0,3.0,3.0,2.0,,3.0,6.0,5.0,4.0,6.0,11.0,,7.0,11.0,11.0,6.0,7.0,,3.0,4.0,5.0,7.0,,,9.0,5.0,3.0,7.0,4.0,,7.0,2.0,2.0,3.0,10.0,6.0,7.0,8.0,5.0,0.0,2.0,8.0,2.0,7.0,9.0,,,,5.0,12.0,7.0,8.0,6.0,5.0,9.0,5.0,6.0,4.0,10.0,2.0,9.0,,,5.0,2.0,,5.0,7.0,12.0,10.0,11.0,2.0
Slovakia,4.0,7.0,4.0,3.0,4.0,11.0,,1.0,3.0,3.0,5.0,3.0,8.0,3.0,11.0,8.0,7.0,,,4.0,13.0,2.0,,,10.0,9.0,10.0,2.0,8.0,,9.0,3.0,,,,1.0,2.0,10.0,3.0,,6.0,,3.0,7.0,6.0,9.0,4.0,9.0,3.0,3.0,10.0,,3.0,,9.0,5.0,9.0,8.0,10.0,4.0,,9.0,,,2.0,,1.0,7.0,,6.0,4.0,5.0,4.0,2.0,6.0,10.0,4.0,5.0,3.0,4.0,3.0,6.0,3.0,4.0,6.0,2.0,9.0,14.0,2.0,3.0,3.0,7.0,5.0,4.0,2.0,3.0,,3.0,7.0,4.0,3.0,7.0,12.0,,6.0,12.0,12.0,7.0,8.0,,3.0,3.0,4.0,7.0,,,8.0,4.0,1.0,7.0,5.0,,7.0,2.0,2.0,2.0,11.0,6.0,8.0,9.0,4.0,2.0,0.0,9.0,3.0,8.0,10.0,,,,5.0,13.0,8.0,9.0,5.0,4.0,8.0,4.0,7.0,4.0,11.0,1.0,10.0,,,4.0,3.0,,4.0,7.0,13.0,11.0,12.0,2.0
Sierra Leone,6.0,9.0,10.0,10.0,9.0,7.0,,8.0,9.0,10.0,12.0,7.0,3.0,9.0,7.0,4.0,14.0,,,11.0,9.0,9.0,,,6.0,5.0,6.0,7.0,2.0,,5.0,10.0,,,,8.0,7.0,7.0,8.0,,3.0,,10.0,5.0,4.0,6.0,5.0,6.0,10.0,6.0,6.0,,9.0,,3.0,6.0,3.0,1.0,6.0,9.0,,2.0,,,9.0,,9.0,14.0,,6.0,11.0,8.0,9.0,7.0,7.0,7.0,11.0,12.0,10.0,11.0,11.0,9.0,10.0,11.0,7.0,8.0,1.0,10.0,9.0,7.0,10.0,4.0,4.0,7.0,10.0,10.0,,10.0,2.0,11.0,10.0,3.0,8.0,,13.0,8.0,8.0,3.0,4.0,,8.0,10.0,11.0,9.0,,,15.0,10.0,8.0,6.0,6.0,,9.0,10.0,10.0,9.0,7.0,8.0,5.0,6.0,11.0,8.0,9.0,0.0,8.0,2.0,7.0,,,,7.0,9.0,4.0,4.0,12.0,11.0,15.0,10.0,4.0,8.0,7.0,9.0,7.0,,,11.0,8.0,,11.0,9.0,9.0,7.0,8.0,10.0
San Marino,3.0,9.0,7.0,5.0,7.0,10.0,,2.0,6.0,4.0,8.0,3.0,7.0,5.0,10.0,7.0,10.0,,,7.0,12.0,5.0,,,9.0,8.0,9.0,2.0,7.0,,8.0,6.0,,,,3.0,3.0,9.0,4.0,,5.0,,6.0,7.0,5.0,8.0,3.0,8.0,6.0,2.0,9.0,,6.0,,8.0,4.0,8.0,7.0,9.0,6.0,,8.0,,,3.0,,3.0,10.0,,8.0,7.0,7.0,7.0,1.0,8.0,9.0,7.0,8.0,6.0,7.0,5.0,8.0,6.0,7.0,8.0,3.0,8.0,13.0,5.0,3.0,6.0,6.0,4.0,3.0,5.0,4.0,,5.0,6.0,7.0,6.0,6.0,11.0,,9.0,11.0,11.0,6.0,7.0,,4.0,6.0,7.0,9.0,,,11.0,7.0,4.0,8.0,4.0,,9.0,4.0,4.0,5.0,10.0,8.0,7.0,8.0,7.0,2.0,3.0,8.0,0.0,7.0,9.0,,,,7.0,12.0,7.0,8.0,8.0,7.0,11.0,7.0,6.0,6.0,10.0,4.0,9.0,,,7.0,2.0,,7.0,9.0,12.0,10.0,11.0,4.0
Senegal,5.0,8.0,9.0,9.0,8.0,6.0,,7.0,8.0,9.0,11.0,6.0,2.0,8.0,6.0,3.0,13.0,,,10.0,8.0,8.0,,,5.0,4.0,5.0,6.0,2.0,,4.0,9.0,,,,7.0,6.0,6.0,7.0,,2.0,,9.0,4.0,2.0,5.0,4.0,5.0,9.0,5.0,5.0,,8.0,,3.0,5.0,1.0,1.0,5.0,8.0,,1.0,,,8.0,,8.0,13.0,,5.0,10.0,7.0,8.0,6.0,6.0,6.0,10.0,11.0,9.0,10.0,10.0,8.0,9.0,10.0,6.0,7.0,2.0,9.0,8.0,6.0,9.0,3.0,3.0,6.0,9.0,9.0,,9.0,1.0,10.0,9.0,1.0,7.0,,12.0,7.0,7.0,2.0,3.0,,7.0,9.0,10.0,8.0,,,14.0,9.0,7.0,5.0,5.0,,8.0,9.0,9.0,8.0,6.0,7.0,4.0,5.0,10.0,7.0,8.0,2.0,7.0,0.0,6.0,,,,6.0,8.0,3.0,3.0,11.0,10.0,14.0,9.0,3.0,7.0,6.0,8.0,6.0,,,10.0,7.0,,10.0,8.0,8.0,6.0,7.0,9.0
Somalia,7.0,7.0,8.0,8.0,7.0,4.0,,9.0,7.0,9.0,10.0,8.0,5.0,7.0,3.0,5.0,13.0,,,10.0,5.0,9.0,,,3.0,3.0,4.0,8.0,6.0,,4.0,9.0,,,,9.0,8.0,1.0,9.0,,4.0,,9.0,3.0,5.0,2.0,6.0,1.0,9.0,7.0,5.0,,7.0,,6.0,7.0,7.0,6.0,5.0,7.0,,7.0,,,9.0,,9.0,13.0,,4.0,9.0,6.0,7.0,8.0,5.0,1.0,10.0,11.0,9.0,10.0,9.0,7.0,9.0,10.0,5.0,9.0,7.0,5.0,9.0,8.0,9.0,3.0,5.0,8.0,9.0,9.0,,8.0,5.0,10.0,9.0,5.0,3.0,,12.0,3.0,4.0,4.0,4.0,,9.0,9.0,10.0,7.0,,,14.0,8.0,9.0,4.0,7.0,,7.0,8.0,8.0,8.0,3.0,6.0,2.0,2.0,10.0,9.0,10.0,7.0,9.0,6.0,0.0,,,,5.0,4.0,3.0,6.0,11.0,9.0,14.0,8.0,4.0,6.0,2.0,9.0,2.0,,,9.0,9.0,,10.0,7.0,4.0,3.0,4.0,8.0
Suriname,,,,,,,2.0,,,,,,,,,,,2.0,1.0,,,,8.0,10.0,,,,,,3.0,,,2.0,4.0,10.0,,,,,,,3.0,,,,,,,,,,,,1.0,,,,,,,7.0,,1.0,6.0,,,,,,,,,,,,,,,,,,,,,,,,,,,,,,,,,,,,,,,,8.0,,,,,,5.0,,,,,3.0,2.0,,,,,,2.0,,,,,,,,,,,,,,,,0.0,7.0,,,,,,,,,,,,,,,9.0,2.0,,,2.0,,,,,,
El Salvador,,,,,,,7.0,,,,,,,,,,,7.0,6.0,,,,2.0,4.0,,,,,,7.0,,,5.0,3.0,4.0,,,,,,,6.0,,,,,,,,,,,,7.0,,,,,,,1.0,,7.0,1.0,,,,,,,,,,,,,,,,,,,,,,,,,,,,,,,,,,,,,,,,2.0,,,,,,2.0,,,,,4.0,6.0,,,,,,7.0,,,,,,,,,,,,,,,,7.0,0.0,,,,,,,,,,,,,,,3.0,7.0,,,6.0,,,,,,
Sint Maarten,,,,,,,,,,,,,,,,,,,,,,,,,,,,,,,,,,,,,,,,,,,,,,,,,,,,,,,,,,,,,,,,,,,,,,,,,,,,,,,,,,,,,,,,,,,,,,,,,1.0,,,,,,,,,,,,,,,,,,,,,,,,,,,,,,,,,,,,,,,,,,,0.0,,,,,,,,,,,,,,,,,,,,,,,,
Syria,7.0,3.0,3.0,3.0,2.0,6.0,,5.0,2.0,4.0,5.0,6.0,5.0,2.0,6.0,5.0,8.0,,,5.0,8.0,4.0,,,5.0,4.0,5.0,6.0,6.0,,5.0,4.0,,,,5.0,5.0,5.0,6.0,,4.0,,4.0,2.0,5.0,4.0,6.0,4.0,4.0,6.0,6.0,,2.0,,6.0,7.0,7.0,6.0,6.0,2.0,,7.0,,,4.0,,4.0,8.0,,1.0,4.0,1.0,2.0,6.0,1.0,5.0,5.0,6.0,4.0,5.0,4.0,2.0,4.0,5.0,1.0,6.0,7.0,9.0,4.0,6.0,4.0,3.0,5.0,7.0,4.0,4.0,,3.0,5.0,5.0,4.0,5.0,7.0,,7.0,7.0,7.0,4.0,5.0,,6.0,4.0,5.0,3.0,,,9.0,3.0,4.0,2.0,7.0,,3.0,3.0,3.0,3.0,6.0,2.0,3.0,4.0,5.0,5.0,5.0,7.0,7.0,6.0,5.0,,,,0.0,8.0,4.0,6.0,6.0,4.0,9.0,3.0,4.0,1.0,6.0,4.0,5.0,,,4.0,7.0,,5.0,3.0,8.0,6.0,7.0,3.0
Eswatini,10.0,10.0,11.0,11.0,10.0,3.0,,12.0,10.0,12.0,13.0,11.0,7.0,10.0,3.0,7.0,16.0,,,13.0,2.0,12.0,,,3.0,4.0,4.0,11.0,8.0,,5.0,12.0,,,,12.0,11.0,5.0,12.0,,7.0,,12.0,6.0,8.0,5.0,9.0,4.0,12.0,10.0,5.0,,10.0,,8.0,10.0,9.0,8.0,6.0,10.0,,9.0,,,12.0,,12.0,16.0,,7.0,12.0,9.0,10.0,11.0,8.0,3.0,13.0,14.0,12.0,13.0,12.0,10.0,12.0,13.0,8.0,12.0,9.0,2.0,12.0,11.0,12.0,6.0,8.0,11.0,12.0,12.0,,11.0,7.0,13.0,12.0,8.0,2.0,,15.0,1.0,2.0,6.0,6.0,,12.0,12.0,13.0,10.0,,,17.0,11.0,12.0,7.0,10.0,,10.0,11.0,11.0,11.0,3.0,9.0,5.0,4.0,13.0,12.0,13.0,9.0,12.0,8.0,4.0,,,,8.0,0.0,5.0,8.0,14.0,12.0,17.0,11.0,7.0,9.0,2.0,12.0,3.0,,,12.0,12.0,,13.0,10.0,1.0,2.0,2.0,11.0
Chad,5.0,6.0,7.0,7.0,6.0,3.0,,7.0,6.0,8.0,9.0,6.0,2.0,6.0,3.0,2.0,12.0,,,9.0,5.0,8.0,,,2.0,1.0,2.0,6.0,3.0,,1.0,8.0,,,,7.0,6.0,3.0,7.0,,2.0,,8.0,2.0,3.0,2.0,4.0,2.0,8.0,5.0,2.0,,6.0,,3.0,5.0,4.0,3.0,2.0,6.0,,4.0,,,8.0,,8.0,12.0,,3.0,8.0,5.0,6.0,6.0,4.0,3.0,9.0,10.0,8.0,9.0,8.0,6.0,8.0,9.0,4.0,7.0,4.0,6.0,8.0,6.0,8.0,1.0,3.0,6.0,8.0,8.0,,7.0,2.0,9.0,8.0,3.0,4.0,,11.0,4.0,4.0,1.0,1.0,,7.0,8.0,9.0,6.0,,,13.0,7.0,7.0,3.0,5.0,,6.0,7.0,7.0,7.0,3.0,5.0,1.0,2.0,9.0,7.0,8.0,4.0,7.0,3.0,3.0,,,,4.0,5.0,0.0,3.0,10.0,8.0,13.0,7.0,2.0,5.0,3.0,8.0,3.0,,,8.0,7.0,,9.0,6.0,5.0,3.0,4.0,7.0
Togo,6.0,8.0,9.0,9.0,8.0,5.0,,8.0,8.0,10.0,11.0,7.0,1.0,8.0,6.0,1.0,14.0,,,11.0,7.0,9.0,,,5.0,4.0,4.0,7.0,2.0,,3.0,10.0,,,,8.0,7.0,6.0,8.0,,3.0,,10.0,4.0,4.0,5.0,5.0,5.0,10.0,6.0,4.0,,8.0,,1.0,6.0,4.0,3.0,4.0,8.0,,4.0,,,9.0,,9.0,14.0,,5.0,10.0,7.0,8.0,7.0,6.0,6.0,11.0,12.0,10.0,11.0,10.0,8.0,10.0,11.0,6.0,8.0,3.0,8.0,9.0,7.0,10.0,3.0,4.0,7.0,10.0,10.0,,9.0,2.0,11.0,10.0,3.0,7.0,,13.0,7.0,6.0,2.0,2.0,,8.0,10.0,11.0,8.0,,,15.0,9.0,8.0,5.0,6.0,,8.0,9.0,9.0,9.0,6.0,7.0,4.0,5.0,11.0,8.0,9.0,4.0,8.0,3.0,6.0,,,,6.0,8.0,3.0,0.0,12.0,10.0,15.0,9.0,4.0,7.0,6.0,9.0,6.0,,,10.0,8.0,,11.0,8.0,7.0,6.0,7.0,9.0
Thailand,7.0,7.0,3.0,7.0,5.0,12.0,,6.0,4.0,7.0,2.0,6.0,11.0,6.0,12.0,11.0,2.0,,,3.0,14.0,4.0,,,11.0,10.0,11.0,6.0,11.0,,11.0,2.0,,,,5.0,5.0,11.0,6.0,,9.0,,4.0,8.0,9.0,10.0,7.0,10.0,4.0,6.0,12.0,,4.0,,12.0,8.0,12.0,11.0,12.0,6.0,,12.0,,,6.0,,5.0,2.0,,7.0,2.0,5.0,4.0,7.0,6.0,11.0,3.0,1.0,3.0,4.0,7.0,6.0,3.0,1.0,7.0,7.0,12.0,15.0,4.0,6.0,4.0,9.0,8.0,7.0,5.0,7.0,,7.0,10.0,1.0,3.0,10.0,13.0,,1.0,13.0,13.0,10.0,11.0,,6.0,4.0,3.0,7.0,,,3.0,3.0,4.0,7.0,8.0,,7.0,5.0,6.0,3.0,12.0,6.0,9.0,10.0,5.0,6.0,5.0,12.0,8.0,11.0,11.0,,,,6.0,14.0,10.0,12.0,0.0,3.0,3.0,4.0,10.0,5.0,12.0,4.0,11.0,,,4.0,8.0,,2.0,7.0,14.0,12.0,13.0,6.0
Tajikistan,6.0,5.0,1.0,5.0,3.0,10.0,,5.0,3.0,6.0,3.0,5.0,9.0,4.0,10.0,9.0,5.0,,,2.0,12.0,3.0,,,9.0,8.0,9.0,5.0,10.0,,9.0,1.0,,,,4.0,4.0,9.0,5.0,,8.0,,3.0,6.0,8.0,8.0,6.0,8.0,3.0,5.0,10.0,,3.0,,10.0,7.0,11.0,10.0,10.0,4.0,,11.0,,,5.0,,4.0,5.0,,5.0,2.0,3.0,2.0,6.0,4.0,9.0,1.0,3.0,2.0,3.0,6.0,4.0,2.0,2.0,5.0,6.0,11.0,13.0,3.0,5.0,3.0,7.0,7.0,6.0,4.0,6.0,,5.0,9.0,2.0,2.0,9.0,11.0,,4.0,11.0,11.0,8.0,9.0,,5.0,3.0,2.0,5.0,,,6.0,2.0,3.0,5.0,7.0,,5.0,4.0,5.0,2.0,10.0,4.0,7.0,8.0,4.0,5.0,4.0,11.0,7.0,10.0,9.0,,,,4.0,12.0,8.0,10.0,3.0,0.0,6.0,2.0,8.0,3.0,10.0,3.0,9.0,,,1.0,7.0,,2.0,5.0,12.0,10.0,11.0,5.0
Timor Leste,10.0,10.0,6.0,10.0,8.0,15.0,,9.0,7.0,10.0,5.0,9.0,14.0,9.0,15.0,14.0,3.0,,,6.0,17.0,7.0,,,14.0,13.0,14.0,9.0,14.0,,14.0,5.0,,,,8.0,8.0,14.0,9.0,,12.0,,7.0,11.0,12.0,13.0,10.0,13.0,7.0,9.0,15.0,,7.0,,15.0,11.0,15.0,14.0,15.0,9.0,,15.0,,,9.0,,8.0,1.0,,10.0,5.0,8.0,7.0,10.0,9.0,14.0,6.0,4.0,6.0,7.0,10.0,9.0,6.0,4.0,10.0,10.0,15.0,18.0,7.0,9.0,7.0,12.0,11.0,10.0,8.0,10.0,,10.0,13.0,4.0,6.0,13.0,16.0,,2.0,16.0,16.0,13.0,14.0,,9.0,7.0,6.0,10.0,,,2.0,6.0,7.0,10.0,11.0,,10.0,8.0,9.0,6.0,15.0,9.0,12.0,13.0,8.0,9.0,8.0,15.0,11.0,14.0,14.0,,,,9.0,17.0,13.0,15.0,3.0,6.0,0.0,7.0,13.0,8.0,15.0,7.0,14.0,,,7.0,11.0,,5.0,10.0,17.0,15.0,16.0,9.0
Turkmenistan,6.0,4.0,1.0,4.0,2.0,9.0,,5.0,2.0,5.0,4.0,5.0,8.0,3.0,9.0,8.0,6.0,,,3.0,11.0,3.0,,,8.0,7.0,8.0,5.0,9.0,,8.0,2.0,,,,4.0,4.0,8.0,5.0,,7.0,,3.0,5.0,8.0,7.0,6.0,7.0,3.0,5.0,9.0,,3.0,,9.0,7.0,10.0,9.0,9.0,3.0,,10.0,,,5.0,,4.0,6.0,,4.0,3.0,2.0,1.0,6.0,3.0,8.0,2.0,4.0,3.0,4.0,5.0,3.0,1.0,3.0,4.0,6.0,10.0,12.0,3.0,5.0,3.0,6.0,7.0,6.0,4.0,5.0,,4.0,8.0,3.0,3.0,8.0,10.0,,5.0,10.0,10.0,7.0,8.0,,5.0,3.0,3.0,4.0,,,7.0,2.0,3.0,4.0,7.0,,4.0,4.0,4.0,2.0,9.0,3.0,6.0,7.0,4.0,5.0,4.0,10.0,7.0,9.0,8.0,,,,3.0,11.0,7.0,9.0,4.0,2.0,7.0,0.0,7.0,2.0,9.0,3.0,8.0,,,1.0,7.0,,3.0,4.0,11.0,9.0,10.0,4.0
Tunisia,4.0,6.0,7.0,7.0,6.0,5.0,,6.0,6.0,8.0,9.0,5.0,3.0,6.0,5.0,3.0,12.0,,,9.0,7.0,7.0,,,4.0,3.0,4.0,5.0,3.0,,3.0,8.0,,,,6.0,5.0,4.0,6.0,,1.0,,8.0,2.0,2.0,3.0,3.0,3.0,8.0,4.0,4.0,,6.0,,4.0,4.0,4.0,3.0,4.0,6.0,,4.0,,,7.0,,7.0,12.0,,3.0,8.0,5.0,6.0,5.0,4.0,4.0,9.0,10.0,8.0,9.0,8.0,6.0,8.0,9.0,4.0,6.0,4.0,8.0,7.0,5.0,8.0,1.0,2.0,5.0,8.0,8.0,,7.0,2.0,9.0,8.0,2.0,6.0,,11.0,6.0,6.0,2.0,3.0,,6.0,8.0,9.0,6.0,,,13.0,7.0,6.0,3.0,4.0,,6.0,7.0,7.0,7.0,5.0,5.0,2.0,3.0,9.0,6.0,7.0,4.0,6.0,3.0,4.0,,,,4.0,7.0,2.0,4.0,10.0,8.0,13.0,7.0,0.0,5.0,5.0,7.0,4.0,,,8.0,6.0,,9.0,6.0,7.0,5.0,6.0,7.0
Turkey,6.0,3.0,2.0,2.0,1.0,7.0,,4.0,1.0,3.0,4.0,5.0,6.0,1.0,7.0,6.0,7.0,,,4.0,9.0,3.0,,,6.0,5.0,6.0,5.0,7.0,,6.0,3.0,,,,4.0,4.0,6.0,5.0,,5.0,,3.0,3.0,6.0,5.0,6.0,5.0,3.0,5.0,7.0,,1.0,,7.0,7.0,8.0,7.0,7.0,1.0,,8.0,,,3.0,,3.0,7.0,,2.0,3.0,1.0,1.0,5.0,2.0,6.0,4.0,5.0,3.0,4.0,3.0,2.0,3.0,4.0,2.0,5.0,8.0,10.0,3.0,5.0,3.0,4.0,6.0,6.0,3.0,3.0,,2.0,6.0,4.0,3.0,6.0,8.0,,6.0,8.0,8.0,5.0,6.0,,5.0,3.0,4.0,3.0,,,8.0,2.0,3.0,3.0,7.0,,3.0,2.0,2.0,2.0,7.0,2.0,4.0,5.0,4.0,4.0,4.0,8.0,6.0,7.0,6.0,,,,1.0,9.0,5.0,7.0,5.0,3.0,8.0,2.0,5.0,0.0,7.0,3.0,6.0,,,3.0,6.0,,4.0,3.0,9.0,7.0,8.0,2.0
Tanzania,8.0,8.0,9.0,9.0,8.0,2.0,,10.0,8.0,10.0,11.0,9.0,5.0,8.0,1.0,5.0,14.0,,,11.0,3.0,10.0,,,1.0,2.0,2.0,9.0,6.0,,3.0,10.0,,,,10.0,9.0,3.0,10.0,,5.0,,10.0,4.0,6.0,3.0,7.0,2.0,10.0,8.0,3.0,,8.0,,6.0,8.0,7.0,6.0,4.0,8.0,,7.0,,,10.0,,10.0,14.0,,5.0,10.0,7.0,8.0,9.0,6.0,1.0,11.0,12.0,10.0,11.0,10.0,8.0,10.0,11.0,6.0,10.0,7.0,3.0,10.0,9.0,10.0,4.0,6.0,9.0,10.0,10.0,,9.0,5.0,11.0,10.0,6.0,1.0,,13.0,1.0,2.0,4.0,4.0,,10.0,10.0,11.0,8.0,,,15.0,9.0,10.0,5.0,8.0,,8.0,9.0,9.0,9.0,1.0,7.0,3.0,2.0,11.0,10.0,11.0,7.0,10.0,6.0,2.0,,,,6.0,2.0,3.0,6.0,12.0,10.0,15.0,9.0,5.0,7.0,0.0,10.0,1.0,,,10.0,10.0,,11.0,8.0,2.0,1.0,2.0,9.0
Ukraine,4.0,6.0,3.0,3.0,3.0,10.0,,2.0,2.0,3.0,4.0,3.0,8.0,2.0,10.0,8.0,6.0,,,3.0,12.0,1.0,,,9.0,8.0,9.0,3.0,8.0,,9.0,2.0,,,,2.0,2.0,9.0,3.0,,6.0,,2.0,6.0,6.0,8.0,4.0,8.0,2.0,3.0,10.0,,2.0,,9.0,5.0,9.0,8.0,10.0,3.0,,9.0,,,2.0,,1.0,6.0,,5.0,3.0,4.0,3.0,3.0,5.0,9.0,3.0,4.0,2.0,3.0,3.0,5.0,2.0,3.0,5.0,3.0,9.0,13.0,2.0,3.0,2.0,7.0,5.0,4.0,1.0,3.0,,3.0,7.0,3.0,2.0,7.0,11.0,,5.0,11.0,11.0,7.0,8.0,,3.0,2.0,3.0,6.0,,,7.0,3.0,1.0,6.0,5.0,,6.0,1.0,2.0,1.0,10.0,5.0,7.0,8.0,3.0,2.0,1.0,9.0,4.0,8.0,9.0,,,,4.0,12.0,8.0,9.0,4.0,3.0,7.0,3.0,7.0,3.0,10.0,0.0,9.0,,,3.0,4.0,,3.0,6.0,12.0,10.0,11.0,2.0
Uganda,7.0,7.0,8.0,8.0,7.0,2.0,,9.0,7.0,9.0,10.0,8.0,5.0,7.0,2.0,5.0,13.0,,,10.0,4.0,9.0,,,1.0,2.0,2.0,8.0,6.0,,3.0,9.0,,,,9.0,8.0,3.0,9.0,,4.0,,9.0,3.0,5.0,3.0,6.0,2.0,9.0,7.0,3.0,,7.0,,6.0,7.0,7.0,6.0,4.0,7.0,,7.0,,,9.0,,9.0,13.0,,4.0,9.0,6.0,7.0,8.0,5.0,1.0,10.0,11.0,9.0,10.0,9.0,7.0,9.0,10.0,5.0,9.0,7.0,4.0,9.0,8.0,9.0,3.0,5.0,8.0,9.0,9.0,,8.0,5.0,10.0,9.0,5.0,2.0,,12.0,2.0,3.0,4.0,4.0,,9.0,9.0,10.0,7.0,,,14.0,8.0,9.0,4.0,7.0,,7.0,8.0,8.0,8.0,1.0,6.0,2.0,1.0,10.0,9.0,10.0,7.0,9.0,6.0,2.0,,,,5.0,3.0,3.0,6.0,11.0,9.0,14.0,8.0,4.0,6.0,1.0,9.0,0.0,,,9.0,9.0,,10.0,7.0,3.0,2.0,3.0,8.0
United States,,,,,,,9.0,,,,,,,,,,,9.0,8.0,,,,2.0,1.0,,,,,,9.0,,,7.0,5.0,1.0,,,,,,,8.0,,,,,,,,,,,,9.0,,,,,,,2.0,,9.0,3.0,,,,,,,,,,,,,,,,,,,,,,,,,,,,,,,,,,,,,,,,1.0,,,,,,4.0,,,,,6.0,8.0,,,,,,9.0,,,,,,,,,,,,,,,,9.0,3.0,,,,,,,,,,,,,,,0.0,9.0,,,8.0,,,,,,
Uruguay,,,,,,,1.0,,,,,,,,,,,2.0,1.0,,,,8.0,10.0,,,,,,2.0,,,2.0,4.0,10.0,,,,,,,3.0,,,,,,,,,,,,2.0,,,,,,,7.0,,2.0,6.0,,,,,,,,,,,,,,,,,,,,,,,,,,,,,,,,,,,,,,,,8.0,,,,,,5.0,,,,,3.0,2.0,,,,,,2.0,,,,,,,,,,,,,,,,2.0,7.0,,,,,,,,,,,,,,,9.0,0.0,,,2.0,,,,,,
Uzbekistan,6.0,5.0,1.0,5.0,3.0,10.0,,5.0,3.0,6.0,4.0,5.0,9.0,4.0,10.0,9.0,6.0,,,3.0,12.0,3.0,,,9.0,8.0,9.0,5.0,10.0,,9.0,2.0,,,,4.0,4.0,9.0,5.0,,8.0,,3.0,6.0,8.0,8.0,6.0,8.0,3.0,5.0,10.0,,3.0,,10.0,7.0,11.0,10.0,10.0,4.0,,11.0,,,5.0,,4.0,6.0,,5.0,3.0,3.0,2.0,6.0,4.0,9.0,1.0,4.0,3.0,4.0,6.0,4.0,1.0,3.0,5.0,6.0,11.0,13.0,3.0,5.0,3.0,7.0,7.0,6.0,4.0,6.0,,5.0,9.0,3.0,3.0,9.0,11.0,,5.0,11.0,11.0,8.0,9.0,,5.0,3.0,3.0,5.0,,,7.0,2.0,3.0,5.0,7.0,,5.0,4.0,5.0,2.0,10.0,4.0,7.0,8.0,4.0,5.0,4.0,11.0,7.0,10.0,9.0,,,,4.0,12.0,8.0,10.0,4.0,1.0,7.0,1.0,8.0,3.0,10.0,3.0,9.0,,,0.0,7.0,,3.0,5.0,12.0,10.0,11.0,5.0
Vatican,3.0,9.0,7.0,5.0,7.0,10.0,,2.0,6.0,4.0,8.0,3.0,7.0,5.0,10.0,7.0,10.0,,,7.0,12.0,5.0,,,9.0,8.0,9.0,2.0,7.0,,8.0,6.0,,,,3.0,3.0,9.0,4.0,,5.0,,6.0,7.0,5.0,8.0,3.0,8.0,6.0,2.0,9.0,,6.0,,8.0,4.0,8.0,7.0,9.0,6.0,,8.0,,,3.0,,3.0,10.0,,8.0,7.0,7.0,7.0,1.0,8.0,9.0,7.0,8.0,6.0,7.0,5.0,8.0,6.0,7.0,8.0,3.0,8.0,13.0,5.0,3.0,6.0,6.0,4.0,3.0,5.0,4.0,,5.0,6.0,7.0,6.0,6.0,11.0,,9.0,11.0,11.0,6.0,7.0,,4.0,6.0,7.0,9.0,,,11.0,7.0,4.0,8.0,4.0,,9.0,4.0,4.0,5.0,10.0,8.0,7.0,8.0,7.0,2.0,3.0,8.0,2.0,7.0,9.0,,,,7.0,12.0,7.0,8.0,8.0,7.0,11.0,7.0,6.0,6.0,10.0,4.0,9.0,,,7.0,0.0,,7.0,9.0,12.0,10.0,11.0,4.0
Venezuela,,,,,,,2.0,,,,,,,,,,,2.0,1.0,,,,7.0,9.0,,,,,,3.0,,,1.0,3.0,9.0,,,,,,,2.0,,,,,,,,,,,,2.0,,,,,,,6.0,,1.0,5.0,,,,,,,,,,,,,,,,,,,,,,,,,,,,,,,,,,,,,,,,7.0,,,,,,4.0,,,,,2.0,2.0,,,,,,2.0,,,,,,,,,,,,,,,,2.0,6.0,,,,,,,,,,,,,,,8.0,2.0,,,0.0,,,,,,
Vietnam,6.0,6.0,2.0,6.0,4.0,11.0,,5.0,3.0,6.0,3.0,5.0,10.0,5.0,11.0,10.0,4.0,,,2.0,13.0,3.0,,,10.0,9.0,10.0,5.0,10.0,,10.0,1.0,,,,4.0,4.0,10.0,5.0,,8.0,,3.0,7.0,8.0,9.0,6.0,9.0,3.0,5.0,11.0,,3.0,,11.0,7.0,11.0,10.0,11.0,5.0,,11.0,,,5.0,,4.0,4.0,,6.0,2.0,4.0,3.0,6.0,5.0,10.0,2.0,1.0,2.0,3.0,6.0,5.0,2.0,1.0,6.0,6.0,11.0,14.0,3.0,5.0,3.0,8.0,7.0,6.0,4.0,6.0,,6.0,9.0,2.0,2.0,9.0,12.0,,3.0,12.0,12.0,9.0,10.0,,5.0,3.0,2.0,6.0,,,5.0,2.0,3.0,6.0,7.0,,6.0,4.0,5.0,2.0,11.0,5.0,8.0,9.0,4.0,5.0,4.0,11.0,7.0,10.0,10.0,,,,5.0,13.0,9.0,11.0,2.0,2.0,5.0,3.0,9.0,4.0,11.0,3.0,10.0,,,3.0,7.0,,0.0,6.0,13.0,11.0,12.0,5.0
Yemen,9.0,2.0,4.0,5.0,4.0,8.0,,7.0,4.0,6.0,6.0,8.0,7.0,4.0,8.0,7.0,9.0,,,6.0,10.0,6.0,,,7.0,6.0,7.0,8.0,8.0,,7.0,5.0,,,,7.0,7.0,7.0,8.0,,6.0,,6.0,4.0,7.0,6.0,8.0,6.0,6.0,8.0,8.0,,4.0,,8.0,9.0,9.0,8.0,8.0,4.0,,9.0,,,6.0,,6.0,9.0,,3.0,5.0,2.0,3.0,8.0,2.0,7.0,6.0,7.0,6.0,7.0,6.0,2.0,5.0,6.0,4.0,8.0,9.0,11.0,6.0,8.0,6.0,5.0,7.0,9.0,6.0,6.0,,5.0,7.0,6.0,6.0,7.0,9.0,,8.0,9.0,9.0,6.0,7.0,,8.0,6.0,6.0,1.0,,,10.0,4.0,6.0,3.0,9.0,,2.0,5.0,5.0,5.0,8.0,1.0,5.0,6.0,7.0,7.0,7.0,9.0,9.0,8.0,7.0,,,,3.0,10.0,6.0,8.0,7.0,5.0,10.0,4.0,6.0,3.0,8.0,6.0,7.0,,,5.0,9.0,,6.0,0.0,10.0,8.0,9.0,5.0
South Africa,10.0,10.0,11.0,11.0,10.0,2.0,,12.0,10.0,12.0,13.0,11.0,7.0,10.0,3.0,6.0,16.0,,,13.0,1.0,12.0,,,3.0,4.0,3.0,11.0,8.0,,4.0,12.0,,,,12.0,11.0,5.0,12.0,,7.0,,12.0,6.0,8.0,5.0,9.0,4.0,12.0,10.0,4.0,,10.0,,8.0,10.0,9.0,8.0,5.0,10.0,,9.0,,,12.0,,12.0,16.0,,7.0,12.0,9.0,10.0,11.0,8.0,3.0,13.0,14.0,12.0,13.0,12.0,10.0,12.0,13.0,8.0,12.0,9.0,1.0,12.0,11.0,12.0,6.0,8.0,11.0,12.0,12.0,,11.0,7.0,13.0,12.0,8.0,2.0,,15.0,1.0,1.0,6.0,5.0,,12.0,12.0,13.0,10.0,,,17.0,11.0,12.0,7.0,10.0,,10.0,11.0,11.0,11.0,3.0,9.0,5.0,4.0,13.0,12.0,13.0,9.0,12.0,8.0,4.0,,,,8.0,1.0,5.0,7.0,14.0,12.0,17.0,11.0,7.0,9.0,2.0,12.0,3.0,,,12.0,12.0,,13.0,10.0,0.0,2.0,1.0,11.0
Zambia,8.0,8.0,9.0,9.0,8.0,1.0,,10.0,8.0,10.0,11.0,9.0,5.0,8.0,2.0,5.0,14.0,,,11.0,2.0,10.0,,,1.0,2.0,2.0,9.0,6.0,,3.0,10.0,,,,10.0,9.0,4.0,10.0,,5.0,,10.0,4.0,6.0,4.0,7.0,3.0,10.0,8.0,3.0,,8.0,,6.0,8.0,7.0,6.0,4.0,8.0,,7.0,,,10.0,,10.0,14.0,,5.0,10.0,7.0,8.0,9.0,6.0,2.0,11.0,12.0,10.0,11.0,10.0,8.0,10.0,11.0,6.0,10.0,7.0,3.0,10.0,9.0,10.0,4.0,6.0,9.0,10.0,10.0,,9.0,5.0,11.0,10.0,6.0,1.0,,13.0,1.0,1.0,4.0,4.0,,10.0,10.0,11.0,8.0,,,15.0,9.0,10.0,5.0,8.0,,8.0,9.0,9.0,9.0,2.0,7.0,3.0,2.0,11.0,10.0,11.0,7.0,10.0,6.0,3.0,,,,6.0,2.0,3.0,6.0,12.0,10.0,15.0,9.0,5.0,7.0,1.0,10.0,2.0,,,10.0,10.0,,11.0,8.0,2.0,0.0,1.0,9.0
Zimbabwe,9.0,9.0,10.0,10.0,9.0,2.0,,11.0,9.0,11.0,12.0,10.0,6.0,9.0,3.0,6.0,15.0,,,12.0,1.0,11.0,,,2.0,3.0,3.0,10.0,7.0,,4.0,11.0,,,,11.0,10.0,5.0,11.0,,6.0,,11.0,5.0,7.0,5.0,8.0,4.0,11.0,9.0,4.0,,9.0,,7.0,9.0,8.0,7.0,5.0,9.0,,8.0,,,11.0,,11.0,15.0,,6.0,11.0,8.0,9.0,10.0,7.0,3.0,12.0,13.0,11.0,12.0,11.0,9.0,11.0,12.0,7.0,11.0,8.0,2.0,11.0,10.0,11.0,5.0,7.0,10.0,11.0,11.0,,10.0,6.0,12.0,11.0,7.0,2.0,,14.0,1.0,2.0,5.0,5.0,,11.0,11.0,12.0,9.0,,,16.0,10.0,11.0,6.0,9.0,,9.0,10.0,10.0,10.0,3.0,8.0,4.0,3.0,12.0,11.0,12.0,8.0,11.0,7.0,4.0,,,,7.0,2.0,4.0,7.0,13.0,11.0,16.0,10.0,6.0,8.0,2.0,11.0,3.0,,,11.0,11.0,,12.0,9.0,1.0,1.0,0.0,10.0
Serbia and Montenegro,5.0,5.0,4.0,1.0,3.0,9.0,,2.0,3.0,1.0,6.0,4.0,8.0,1.0,9.0,8.0,8.0,,,5.0,11.0,3.0,,,8.0,7.0,8.0,3.0,9.0,,8.0,4.0,,,,3.0,3.0,8.0,4.0,,7.0,,4.0,5.0,7.0,7.0,5.0,7.0,4.0,4.0,9.0,,3.0,,9.0,6.0,10.0,9.0,9.0,2.0,,10.0,,,1.0,,1.0,8.0,,4.0,5.0,3.0,3.0,3.0,4.0,8.0,5.0,6.0,4.0,5.0,2.0,4.0,4.0,5.0,4.0,3.0,10.0,12.0,4.0,4.0,4.0,6.0,6.0,5.0,2.0,2.0,,1.0,8.0,5.0,4.0,8.0,10.0,,7.0,10.0,10.0,7.0,8.0,,4.0,4.0,5.0,5.0,,,9.0,4.0,3.0,5.0,6.0,,5.0,1.0,2.0,3.0,9.0,4.0,6.0,7.0,5.0,2.0,2.0,10.0,4.0,9.0,8.0,,,,3.0,11.0,7.0,9.0,6.0,5.0,9.0,4.0,7.0,2.0,9.0,2.0,8.0,,,5.0,4.0,,5.0,5.0,11.0,9.0,10.0,0.0
